"","otu_0002","otu_0003","otu_0004","otu_0008","otu_0010","otu_0012","otu_0013","otu_0022","otu_0024","otu_0026","otu_0027","otu_0028","otu_0030","otu_0035","otu_0036","otu_0037","otu_0039","otu_0044","otu_0046","otu_0047","otu_0048","otu_0051","otu_0052","otu_0053","otu_0058","otu_0059","otu_0063","otu_0065","otu_0066","otu_0071","otu_0073","otu_0076","otu_0077","otu_0080","otu_0086","otu_0088","otu_0090","otu_0091","otu_0093","otu_0094","otu_0097","otu_0098","otu_0099","otu_0100","otu_0101","otu_0103","otu_0119","otu_0122","otu_0124","otu_0127","otu_0133","otu_0139","otu_0144","otu_0146","otu_0147","otu_0150","otu_0154","otu_0165","otu_0179","otu_0191","otu_0193","otu_0194","otu_0201","otu_0202","otu_0208","otu_0211","otu_0216","otu_0219","otu_0221","otu_0224","otu_0227","otu_0230","otu_0234","otu_0238","otu_0248","otu_0259","otu_0262","otu_0263","otu_0271","otu_0279","otu_0283","otu_0288","otu_0304","otu_0306","otu_0308","otu_0310","otu_0322","otu_0323","otu_0325","otu_0326","otu_0332","otu_0336","otu_0338","otu_0341","otu_0345","otu_0350","otu_0351","otu_0352","otu_0368","otu_0369","otu_0379","otu_0381","otu_0382","otu_0383","otu_0400","otu_0401","otu_0402","otu_0403","otu_0404","otu_0415","otu_0423","otu_0426","otu_0430","otu_0434","otu_0440","otu_0461","otu_0462","otu_0463","otu_0464","otu_0466","otu_0469","otu_0473","otu_0487","otu_0498","otu_0504","otu_0507","otu_0512","otu_0525","otu_0526","otu_0530","otu_0532","otu_0540","otu_0543","otu_0551","otu_0553","otu_0562","otu_0563","otu_0568","otu_0570","otu_0575","otu_0581","otu_0587","otu_0588","otu_0590","otu_0595","otu_0601","otu_0606","otu_0608","otu_0610","otu_0613","otu_0616","otu_0617","otu_0626","otu_0648","otu_0653","otu_0660","otu_0668","otu_0670","otu_0671","otu_0673","otu_0674","otu_0680","otu_0681","otu_0688","otu_0693","otu_0698","otu_0704","otu_0708","otu_0711","otu_0714","otu_0715","otu_0734","otu_0738","otu_0740","otu_0754","otu_0767","otu_0774","otu_0775","otu_0782","otu_0785","otu_0788","otu_0804","otu_0806","otu_0816","otu_0823","otu_0832","otu_0836","otu_0841","otu_0845","otu_0854","otu_0859","otu_0861","otu_0862","otu_0863","otu_0865","otu_0871","otu_0875","otu_0880","otu_0882","otu_0883","otu_0886","otu_0890","otu_0901","otu_0906","otu_0907","otu_0911","otu_0913","otu_0919","otu_0921","otu_0937","otu_0943","otu_0955","otu_0958","otu_0967","otu_0970","otu_0972","otu_0974","otu_0979","otu_0981","otu_0983","otu_0984","otu_0987","otu_0989","otu_0991","otu_1008","otu_1011","otu_1015","otu_1019","otu_1022","otu_1023","otu_1025","otu_1030","otu_1060","otu_1070","otu_1077","otu_1078","otu_1080","otu_1086","otu_1088","otu_1090","otu_1091","otu_1096","otu_1101"
"p3.02__2021-12-03",0,5,0,2,0,20,0,69,3,5,13,0,25,0,0,13,86,1,0,0,0,0,0,5,0,62,0,0,8,20,0,39,0,0,0,8,19,0,26,0,3,0,53,3,0,0,0,4,2,1,9,0,155,0,0,76,0,7,0,0,8,68,10,0,4,0,17,0,0,0,0,30,0,66,176,0,0,0,0,12,0,3,0,34,2,0,0,21,0,0,0,0,176,114,0,7,0,0,0,4,1,0,0,15,0,0,2,0,0,3,0,0,0,7,0,39,2,0,0,10,0,0,5,22,256,0,12,0,0,1,0,1,3,0,6,0,0,0,0,0,114,0,0,0,15,2,0,0,9,0,0,5,0,6,0,0,0,5,0,0,8,13,7,0,11,0,0,141,1,0,0,0,0,0,0,59,0,206,21,0,2,0,0,1,2,0,52,0,591,0,0,442,0,0,3,638,92,0,142,30,0,0,7,804,0,0,0,0,0,0,0,0,0,1,0,0,208,0,0,0,0,0,1,4,0,2,0,0,20,0,2,0,0,0,0,0,0,0,0,0,0,53,4
"p3.03__2021-12-03",0,36,0,0,0,34,0,95,0,17,9,0,32,0,5,14,48,1,0,1,0,4,0,18,0,19,0,0,0,8,11,60,0,11,0,8,27,0,28,0,0,0,51,1,1,0,0,6,7,4,14,0,182,0,2,203,11,3,1,0,15,133,16,0,5,0,46,2,0,0,0,25,0,78,311,7,0,1,0,14,0,0,0,1,2,0,0,17,7,0,0,0,267,315,0,0,0,0,0,16,0,0,0,21,0,0,0,0,0,0,0,0,0,6,0,36,0,0,0,11,0,0,0,48,186,0,4,0,0,14,0,8,0,0,2,0,0,0,0,0,32,0,0,0,10,0,1,0,11,0,0,7,0,4,0,0,1,0,1,0,6,0,0,0,0,0,0,74,0,0,0,0,0,0,0,56,0,230,3,0,4,0,0,0,0,0,43,1,590,0,0,447,0,0,0,338,141,0,191,63,0,0,2,502,0,0,0,0,0,0,0,0,0,0,0,0,151,0,0,0,0,0,0,6,0,12,0,0,13,0,0,0,0,0,3,0,0,0,0,0,0,74,0
"p3.04__2021-12-03",0,11,0,1,0,12,0,133,0,0,40,0,44,0,0,54,57,12,0,0,0,4,0,10,3,19,0,0,3,16,31,41,0,9,0,6,81,0,37,0,21,0,52,4,0,6,0,26,9,4,20,0,141,0,0,237,3,10,0,0,21,80,22,0,18,0,17,3,0,0,4,81,0,29,84,24,0,0,0,7,0,0,0,1,31,28,0,2,4,0,0,0,260,221,2,2,0,0,0,28,0,0,0,8,0,0,0,0,0,0,0,0,0,14,0,38,0,0,0,14,0,2,2,93,231,0,41,0,0,8,0,3,0,0,4,0,0,0,0,0,31,0,0,0,17,1,23,0,2,0,3,1,2,8,0,0,2,0,0,0,26,20,0,0,0,0,2,36,0,0,0,0,0,0,0,38,0,112,0,0,0,0,0,0,0,0,43,0,191,0,0,652,0,0,0,229,114,0,142,35,0,0,0,772,0,0,0,0,0,0,0,0,0,1,0,0,349,0,0,0,0,0,1,19,0,10,0,0,81,0,0,0,0,0,8,0,0,0,0,0,0,48,0
"p3.05__2021-12-03",0,12,0,7,0,0,0,29,0,5,16,0,22,0,2,42,40,12,2,0,0,0,0,11,0,28,0,0,9,17,2,117,0,10,0,19,79,0,34,0,10,1,92,9,0,0,0,31,4,0,17,0,236,0,0,134,3,9,0,0,5,24,13,0,3,0,12,1,0,0,0,48,0,137,225,4,0,0,0,16,0,0,0,8,3,9,0,6,0,0,0,0,305,207,1,2,0,0,0,16,0,0,0,7,0,0,0,0,0,18,0,0,0,10,0,30,0,0,0,14,0,0,0,10,284,0,14,0,0,23,0,0,0,0,0,0,0,0,0,0,83,0,0,0,1,0,15,0,19,0,0,0,0,0,0,0,0,0,0,0,5,6,0,0,0,0,0,103,0,0,0,0,0,0,0,39,0,72,3,0,0,0,0,0,0,0,13,0,575,0,0,667,3,0,0,165,124,0,230,29,0,0,0,504,0,0,0,1,0,0,0,0,0,0,0,7,168,0,0,0,0,0,0,146,0,3,1,0,77,0,0,0,0,0,3,0,0,1,0,0,0,24,0
"p3.06__2021-12-03",0,42,0,0,0,25,0,75,7,7,17,0,34,0,1,21,43,7,0,0,0,2,0,9,0,24,0,0,9,19,0,83,0,3,0,13,35,0,28,0,10,0,99,0,0,0,0,14,5,0,16,0,167,5,0,141,0,4,0,0,23,122,23,0,5,0,25,0,1,0,0,51,1,158,46,16,0,2,0,4,0,0,0,0,3,6,0,23,1,0,0,0,158,256,0,3,0,0,0,12,0,0,0,23,0,0,2,0,0,0,0,0,0,13,0,27,0,0,0,9,0,2,0,109,198,0,6,0,0,20,0,0,0,0,1,0,0,0,0,0,42,0,0,0,24,0,0,0,12,0,4,3,0,13,0,0,0,0,0,0,0,3,0,0,0,0,0,45,0,0,0,0,0,0,0,92,0,266,3,0,5,0,0,0,0,0,36,0,452,3,0,708,0,0,0,406,120,0,287,52,0,0,1,471,0,0,3,0,0,0,0,0,0,0,0,3,99,0,0,0,0,0,3,2,0,4,0,0,33,0,0,0,0,0,5,0,0,0,0,0,0,89,0
"p3.07__2021-12-03",0,30,0,0,0,32,0,56,23,15,14,0,29,0,10,40,43,21,0,0,0,0,0,14,3,42,0,0,5,16,4,40,0,38,0,17,25,0,19,0,42,0,57,5,0,0,0,5,5,2,6,0,137,0,0,272,0,12,0,0,14,100,6,0,2,0,30,2,0,0,3,22,0,82,181,0,0,1,0,19,0,0,0,7,4,63,0,10,3,0,0,0,240,178,0,0,0,0,0,22,0,0,0,14,0,0,5,0,2,56,0,0,0,6,0,18,0,0,0,7,0,2,1,98,240,0,10,0,0,11,0,0,0,0,2,0,0,0,0,0,36,0,0,0,16,3,11,0,11,0,4,0,0,11,0,0,0,0,0,0,40,0,2,0,0,0,0,20,0,0,0,0,0,0,0,69,0,201,0,0,0,0,0,0,0,0,47,0,249,0,0,512,0,0,0,273,185,0,242,82,0,0,0,787,0,0,0,0,0,0,0,0,0,2,0,0,72,0,0,0,11,0,2,20,0,26,0,0,45,0,0,0,0,0,0,0,0,0,0,0,0,84,0
"p3.08__2021-12-03",0,21,0,0,0,20,0,56,2,6,30,0,48,0,0,10,53,6,0,0,0,0,0,23,0,18,0,0,6,13,9,60,0,25,40,9,29,0,30,0,0,0,50,14,0,8,0,19,8,0,11,0,90,0,0,163,33,7,3,0,56,234,9,0,0,0,53,33,0,0,16,55,0,16,109,25,0,4,0,12,0,0,0,0,3,25,0,9,7,13,0,0,127,329,11,2,0,0,0,28,1,0,0,23,0,0,0,0,6,0,1,0,0,23,0,66,0,0,0,11,0,0,0,146,173,0,16,0,0,7,0,0,0,0,6,0,0,0,0,0,41,0,0,0,35,0,7,0,26,2,0,1,0,3,0,0,0,0,0,0,0,4,3,0,0,0,0,15,0,0,0,0,0,0,0,180,0,264,34,3,8,0,0,0,0,0,92,0,83,0,0,332,0,0,0,408,208,0,121,67,0,0,0,861,0,0,7,1,0,0,0,0,0,0,0,0,106,0,0,0,0,0,0,12,0,0,0,0,12,0,0,0,0,0,2,0,0,3,0,0,0,87,0
"p3.09__2021-12-03",0,18,0,0,0,5,2,43,5,2,10,0,15,0,3,15,24,8,0,0,0,3,0,3,0,20,0,0,2,10,1,36,0,11,0,4,27,0,14,0,44,0,33,0,0,0,0,10,2,0,3,0,86,0,0,166,11,3,0,0,9,76,11,0,1,0,19,3,0,0,2,14,0,72,177,6,0,0,0,5,0,0,0,5,5,43,0,20,9,0,0,0,184,142,5,2,0,0,0,18,0,0,1,12,0,0,0,0,0,0,0,18,1,4,0,27,0,0,0,8,0,0,0,50,231,0,0,0,0,8,0,0,0,0,5,0,0,0,0,0,44,5,0,0,16,0,74,0,22,0,2,3,0,5,0,0,0,0,0,0,0,8,0,0,0,0,0,79,0,0,0,0,0,0,0,101,0,222,3,2,4,0,0,0,0,0,39,0,705,0,0,770,0,0,0,324,136,0,165,43,0,0,0,769,0,0,0,0,0,0,0,0,0,3,0,5,137,0,0,0,0,0,0,2,0,0,0,0,15,0,0,0,0,0,0,0,0,1,0,0,0,67,0
"p3.10__2021-12-03",0,12,0,0,0,9,0,57,4,2,8,0,14,0,2,13,20,4,0,0,0,1,0,1,1,25,0,0,6,23,2,55,0,4,0,8,55,0,55,0,11,0,120,0,0,0,0,17,8,2,40,0,264,0,2,175,2,5,0,0,6,11,16,0,2,0,9,3,4,0,0,24,0,142,83,16,0,0,0,12,0,0,0,0,8,20,0,5,0,0,0,0,198,273,1,2,0,0,0,18,0,0,0,1,0,0,0,0,0,0,0,5,3,17,0,26,0,0,0,6,0,0,0,55,299,0,5,0,0,8,3,0,0,0,9,0,0,0,0,0,72,0,0,0,19,4,52,0,61,0,0,3,0,4,0,0,0,0,0,0,2,10,3,0,0,0,0,89,0,0,0,0,0,0,0,99,0,155,5,0,2,0,0,0,0,0,58,0,392,0,0,817,0,0,0,433,140,0,114,18,0,0,0,498,0,0,0,1,0,0,0,0,0,0,0,31,102,0,0,0,0,0,1,44,0,1,0,0,22,0,0,0,0,0,0,0,0,6,0,0,0,28,0
"p3.11__2021-12-03",0,24,0,2,0,31,0,53,4,5,14,0,19,0,0,25,58,10,0,4,0,4,0,10,0,28,0,2,4,15,7,32,0,21,0,6,19,0,13,0,37,0,37,0,0,0,0,9,4,1,21,0,78,2,2,17,6,12,0,0,9,175,32,0,4,0,57,0,3,0,0,20,0,30,100,6,0,2,0,0,0,4,0,0,13,43,0,15,4,0,0,0,120,436,146,4,0,0,0,17,4,1,0,17,0,0,1,0,2,0,0,23,0,40,0,28,0,0,0,12,0,0,0,29,293,0,7,0,0,2,0,0,0,0,2,0,0,0,0,0,39,0,0,0,47,1,79,0,10,0,0,3,0,7,0,0,0,0,0,0,2,11,6,0,10,0,0,19,0,0,0,0,0,0,0,137,0,226,15,2,2,0,0,0,0,0,57,0,314,6,0,476,0,6,3,271,234,0,256,89,0,0,0,654,0,0,0,0,0,0,1,0,0,5,0,0,131,0,0,0,0,0,1,3,2,2,1,0,8,0,2,0,0,0,0,0,0,2,0,0,0,123,3
"p3.12__2021-12-03",0,19,0,0,0,4,0,91,5,0,13,0,25,0,0,28,22,8,0,0,0,1,0,5,3,15,0,0,5,14,6,51,0,13,0,9,31,0,21,0,26,0,48,0,0,0,0,27,3,2,12,0,122,0,0,79,21,0,0,0,29,44,5,0,3,0,28,0,0,0,3,23,0,92,85,23,0,0,0,9,0,2,0,3,8,27,0,4,3,0,0,0,164,240,45,0,0,0,0,19,0,0,0,6,0,0,0,0,0,2,0,18,0,19,1,44,0,0,0,6,0,0,0,39,164,0,8,0,0,6,0,0,0,0,0,0,0,0,0,0,103,0,0,0,18,0,22,0,13,0,0,2,0,3,0,0,0,0,0,0,11,0,2,0,9,0,0,34,4,0,0,0,0,0,0,143,0,112,26,0,3,0,0,0,2,0,66,0,468,0,0,640,0,0,1,763,169,0,178,74,0,0,2,635,0,0,0,2,0,0,0,0,0,0,7,5,39,0,0,0,0,0,1,21,0,5,0,0,14,3,2,0,0,0,5,0,0,1,0,0,0,90,4
"p3.13__2021-12-03",0,16,0,0,0,6,0,76,4,7,14,0,11,0,0,11,29,5,0,0,0,5,0,8,1,24,0,0,7,24,11,24,0,7,0,12,76,0,95,0,21,5,203,0,0,0,0,23,5,1,30,0,228,1,0,197,5,4,0,0,26,54,7,0,5,0,16,1,0,0,14,39,0,83,44,16,0,0,0,3,0,0,0,0,26,18,2,16,0,0,0,0,134,309,24,0,0,0,1,12,0,0,0,16,1,0,4,0,2,0,0,0,0,14,0,30,0,0,0,31,0,0,2,12,142,0,57,0,0,46,12,0,0,0,1,0,0,0,0,3,90,3,0,0,29,1,5,0,71,0,0,1,9,7,0,0,3,0,0,0,0,11,0,0,0,0,0,67,0,0,0,0,0,0,0,80,0,134,8,3,5,23,0,0,0,0,20,0,314,0,12,603,0,0,0,434,77,0,119,55,0,0,0,719,0,0,0,1,0,0,0,1,0,0,0,0,217,0,0,1,0,0,0,5,0,0,0,0,21,0,0,0,0,0,0,0,0,0,0,0,0,35,0
"p3.14__2021-12-03",0,8,0,1,0,11,0,68,4,0,42,0,29,0,0,39,52,5,0,0,2,0,0,16,0,58,0,0,0,5,2,42,0,9,0,3,17,0,5,0,123,0,39,0,0,0,0,4,7,2,11,0,152,0,0,215,0,1,0,0,8,27,8,0,8,0,26,9,0,0,3,13,0,18,278,1,0,0,0,6,0,0,0,0,4,68,0,6,3,0,0,0,137,300,2,3,0,0,0,4,0,0,0,7,0,0,0,0,0,0,0,0,0,27,0,19,0,0,0,6,0,0,0,4,301,0,17,0,0,5,0,0,0,0,3,0,0,0,0,0,39,0,0,0,33,0,10,0,10,0,1,0,0,1,0,0,0,0,0,0,0,5,3,0,0,0,0,35,0,0,0,0,0,0,0,52,0,140,2,0,1,0,0,0,0,0,26,0,711,0,0,634,0,0,2,228,70,0,250,47,0,0,0,731,0,0,0,0,0,0,0,0,0,0,0,1,172,0,0,0,0,0,0,11,0,3,0,0,23,0,0,0,0,0,1,0,0,2,0,0,0,66,0
"p3.15__2021-12-03",0,14,0,0,0,14,0,66,3,3,7,0,25,0,0,15,31,5,0,0,0,0,0,2,0,20,0,0,6,6,0,39,0,5,0,11,24,0,12,0,26,0,40,0,0,10,0,10,2,0,13,0,102,0,0,103,13,2,0,0,12,132,18,0,3,0,47,10,0,0,1,13,0,48,80,7,0,1,0,7,0,0,0,0,18,21,2,7,4,0,0,0,154,278,38,1,0,0,0,11,0,0,0,16,0,0,3,0,0,0,0,5,0,31,0,18,0,0,0,8,0,0,0,48,471,0,22,0,0,5,0,0,0,0,4,0,0,0,0,0,46,0,0,0,28,3,47,0,19,0,0,3,0,0,0,0,0,0,0,0,4,18,1,0,0,0,0,85,0,0,0,0,3,0,0,92,1,180,8,0,0,0,0,0,0,0,30,0,399,0,0,615,0,0,0,420,112,0,221,28,0,0,0,818,0,0,0,0,0,0,0,0,0,0,0,0,109,0,0,0,3,0,2,21,0,30,0,0,11,3,0,0,0,0,8,0,0,2,0,0,0,60,0
"p3.16__2021-12-03",0,17,0,0,0,3,0,16,3,8,8,0,28,0,0,9,21,6,0,0,0,2,0,2,0,17,0,0,5,5,0,43,0,7,0,0,17,0,11,0,35,0,36,3,0,0,0,20,7,5,41,0,120,0,2,178,49,2,2,1,32,126,17,0,0,0,24,1,0,0,0,15,0,27,97,4,0,3,0,7,0,0,0,0,3,26,0,17,10,0,0,0,217,348,87,3,0,0,0,20,0,0,0,16,0,0,0,0,0,0,0,77,4,18,0,16,0,0,0,19,0,1,0,56,342,0,7,0,0,0,0,0,0,0,7,0,0,0,0,0,71,4,0,0,56,3,25,0,17,0,0,17,0,6,0,0,0,0,0,1,0,29,20,0,0,0,0,112,0,0,0,0,0,0,0,107,0,270,11,2,2,0,0,0,0,0,61,0,402,0,0,410,0,0,5,378,237,0,167,26,0,0,0,558,0,0,0,0,0,0,0,0,0,0,0,2,112,0,0,0,0,0,0,19,0,0,0,0,16,0,0,0,0,0,0,0,0,2,0,0,0,79,0
"p3.17__2021-12-03",0,21,0,0,0,7,0,28,7,4,4,0,9,0,0,11,25,3,0,0,0,0,0,8,0,24,0,0,5,6,13,47,0,19,0,4,28,0,8,0,15,0,45,0,0,0,0,13,2,6,14,0,172,0,0,282,0,4,0,0,1,66,20,0,5,0,25,0,0,0,0,24,0,37,121,10,0,0,1,11,0,0,0,2,0,31,0,10,9,0,0,0,165,396,83,0,0,0,0,14,0,0,0,11,0,0,0,0,1,0,2,0,0,27,0,19,0,0,0,8,0,0,0,21,438,0,2,0,0,2,0,0,0,0,4,0,0,0,0,0,53,0,0,0,45,0,4,0,9,0,0,1,0,7,0,2,0,0,0,0,1,7,0,1,0,0,0,34,0,0,0,0,0,0,0,117,0,235,5,1,0,0,0,0,0,0,32,0,613,0,0,524,0,0,0,319,107,0,168,33,0,0,0,579,0,0,0,0,0,0,0,0,0,0,0,0,184,0,0,0,0,0,0,24,0,4,0,0,16,0,0,0,0,0,4,0,0,1,0,0,0,73,0
"p3.18__2021-12-03",0,18,0,0,0,9,0,54,12,1,9,0,19,0,8,10,32,7,0,0,0,0,0,4,0,16,0,0,6,8,0,72,0,6,0,1,27,0,13,0,13,0,34,0,0,0,0,8,2,0,8,0,184,1,4,211,6,5,0,0,1,138,25,0,3,0,42,0,0,0,0,21,0,27,89,8,0,2,0,17,0,0,0,3,4,21,0,15,9,0,0,0,104,322,65,6,0,0,0,30,0,0,0,19,0,0,3,0,0,6,0,20,0,17,0,28,0,1,3,8,0,1,0,34,483,0,3,0,0,0,0,0,0,0,4,0,0,0,0,0,38,0,0,0,28,2,45,0,9,0,0,6,0,7,0,0,0,0,0,0,0,9,7,5,0,0,0,65,0,0,2,0,0,0,0,154,0,277,9,4,2,0,0,0,0,0,53,0,219,0,0,430,0,0,0,495,135,0,203,36,0,0,0,737,0,0,0,0,0,0,0,0,0,0,0,0,121,0,0,0,0,0,0,12,0,0,0,0,15,0,0,0,0,0,3,0,0,1,0,0,0,84,0
"p3.19__2021-12-03",0,15,0,4,0,15,0,29,7,0,14,0,54,0,0,17,33,3,0,0,0,5,0,13,0,31,0,0,7,5,0,31,0,2,0,10,27,0,8,0,34,0,46,0,0,0,0,12,3,0,0,0,54,0,0,227,2,1,0,0,6,4,5,0,1,2,35,0,0,0,0,17,0,44,158,3,0,0,1,14,0,0,0,3,1,50,0,7,0,0,0,0,226,423,67,1,0,0,0,27,0,0,0,16,0,0,1,0,0,13,2,0,0,17,0,28,0,0,0,10,0,0,0,57,688,0,8,0,0,7,0,0,0,0,6,0,0,0,0,0,44,0,0,0,13,3,1,1,8,0,0,2,0,1,0,1,1,0,0,0,7,14,0,0,0,0,0,18,0,1,0,0,0,0,0,57,1,140,2,0,0,8,0,0,0,3,29,0,517,0,28,612,0,0,0,251,72,0,145,28,0,0,0,653,0,0,0,0,0,0,0,0,0,1,0,2,61,0,0,0,0,0,1,139,0,3,2,0,30,0,0,0,0,0,6,0,0,1,0,0,0,39,0
"p3.20__2021-12-03",0,23,0,0,0,3,0,37,6,1,8,0,24,0,0,17,23,3,0,0,0,2,0,7,0,23,0,0,4,9,11,28,0,9,0,2,29,0,14,0,0,0,43,0,0,0,0,15,18,0,18,0,145,0,0,221,30,4,0,0,7,95,6,0,0,0,31,2,0,0,2,30,0,85,34,4,2,1,0,0,0,0,0,0,11,19,0,21,2,2,0,0,283,354,2,0,0,0,0,28,0,0,0,8,0,0,0,1,1,0,2,26,0,14,0,31,0,0,2,18,0,0,0,220,225,0,11,0,0,29,0,0,0,0,12,0,0,0,0,0,88,0,0,0,22,0,0,0,25,0,0,7,3,6,0,1,0,0,0,0,0,36,7,0,0,0,0,250,0,1,0,0,0,0,0,126,0,208,14,0,4,0,0,0,0,0,41,0,652,0,0,414,0,0,0,254,213,0,94,34,0,0,0,509,0,0,0,0,0,0,0,0,0,1,0,1,66,0,0,0,0,0,0,11,0,2,0,0,27,0,0,0,0,0,2,0,0,3,0,0,0,83,0
"p3.21__2021-12-03",0,74,0,0,0,5,0,99,28,0,4,0,16,0,0,17,6,2,0,0,0,0,0,0,0,14,0,0,0,12,8,54,0,18,14,18,22,0,19,0,0,0,66,33,25,5,0,15,9,0,23,0,65,0,0,106,5,1,0,0,1,27,7,0,2,0,10,6,0,1,5,51,0,28,52,0,0,0,0,54,0,0,0,3,16,6,0,2,0,0,0,0,53,213,13,5,0,0,0,2,0,1,0,6,0,0,0,0,0,7,0,0,0,4,0,22,0,0,0,25,0,0,0,65,115,0,11,0,0,9,0,0,0,0,0,0,0,0,0,0,8,0,0,0,0,0,115,0,8,0,0,0,0,0,0,27,0,0,0,0,6,5,8,1,0,0,0,10,0,0,0,0,0,0,0,65,0,89,0,0,0,0,0,0,0,0,23,0,443,0,0,998,0,0,0,150,94,0,69,106,0,0,0,1243,0,0,0,0,0,0,0,0,0,0,0,6,35,0,0,0,0,0,0,303,0,7,0,0,48,6,0,0,0,0,77,0,0,0,0,0,0,48,0
"p3.22__2021-12-03",0,16,0,0,0,13,0,27,6,0,11,0,12,2,0,6,6,7,0,3,0,0,0,5,3,21,0,0,0,9,8,47,0,13,3,2,19,0,7,0,70,0,22,6,8,3,0,14,4,5,32,0,69,0,0,188,22,1,0,0,1,45,8,0,4,0,6,0,0,0,0,26,0,18,186,9,0,0,0,13,0,0,0,5,12,87,0,4,1,0,0,0,57,305,13,0,0,0,0,19,0,0,0,4,0,0,0,1,0,0,0,28,1,11,0,16,0,0,0,21,0,0,0,354,243,0,3,0,0,0,4,0,0,0,5,0,0,0,0,0,0,0,0,0,4,6,20,0,6,0,1,7,0,2,0,21,0,0,0,0,0,10,4,0,0,0,0,33,0,0,0,0,0,0,0,99,0,128,5,0,2,0,0,0,0,0,51,0,295,0,0,875,0,0,0,230,178,0,118,70,0,0,0,749,0,0,1,0,0,0,0,0,0,0,0,0,69,0,0,0,0,0,0,337,0,6,0,0,24,0,0,0,0,0,1,0,0,7,0,0,0,44,0
"p3.23__2021-12-03",0,15,0,0,0,15,0,81,2,9,25,0,42,0,0,22,31,18,0,0,12,0,0,6,0,30,0,0,0,3,6,33,0,57,43,4,13,0,8,0,105,0,20,0,51,9,0,17,4,0,23,0,57,0,0,108,29,6,0,0,4,42,16,0,7,0,20,11,0,0,0,31,0,14,133,57,0,0,0,21,0,0,0,6,6,142,0,11,3,5,0,0,134,235,6,1,0,0,0,9,0,0,0,10,0,0,0,2,0,1,0,43,0,13,0,40,0,0,0,2,0,0,0,207,223,0,16,0,0,0,0,0,0,0,2,0,0,0,0,0,0,0,0,0,18,1,0,0,3,0,2,0,0,7,0,25,0,0,0,0,2,5,4,1,0,0,0,22,0,0,0,0,0,0,0,156,0,163,26,0,2,0,0,0,0,0,63,0,272,0,0,376,0,0,0,331,295,0,60,74,0,0,5,973,7,0,4,0,0,0,0,0,0,0,0,0,218,0,0,0,0,0,0,8,0,0,0,0,20,0,0,0,0,0,0,0,0,1,0,0,0,82,0
"p3.24__2021-12-03",0,0,0,0,0,15,0,63,10,2,27,0,43,0,0,17,24,2,0,0,0,4,0,6,0,32,0,0,5,4,11,31,0,25,3,5,9,0,9,0,25,0,15,16,3,0,0,7,0,2,27,0,43,3,1,265,24,5,0,0,9,77,23,0,5,0,24,12,0,0,0,41,0,43,87,2,3,1,0,2,0,0,0,0,6,45,0,16,7,0,0,0,133,371,6,0,0,0,0,31,0,0,0,21,0,0,0,0,0,4,2,37,0,22,0,21,0,0,3,15,0,0,0,85,319,0,9,0,0,5,0,0,0,0,8,0,0,0,0,0,0,0,0,0,71,4,75,0,0,0,0,16,0,3,0,27,0,0,0,0,4,3,48,1,0,0,0,19,0,0,0,0,0,0,0,167,0,193,17,1,1,0,0,0,0,0,54,0,152,0,0,414,0,0,0,698,210,0,116,67,0,0,0,680,0,0,0,0,0,0,0,0,0,0,0,3,160,0,0,0,0,0,0,52,0,0,0,0,7,0,0,0,0,0,0,0,0,2,0,0,0,60,0
"p3.25__2021-12-03",0,63,0,0,0,2,0,52,4,0,10,0,2,0,0,4,23,3,0,0,0,3,0,10,0,21,0,0,0,6,4,45,0,7,0,2,14,0,35,0,13,0,26,0,0,0,0,13,6,0,9,0,163,2,0,171,75,0,1,0,9,48,7,0,1,0,17,0,0,0,0,43,0,55,118,28,0,0,0,0,0,0,0,25,4,7,0,12,5,0,0,0,302,199,45,2,0,0,0,8,0,1,0,0,0,0,0,1,0,12,0,34,0,11,0,20,0,0,0,12,0,0,0,470,140,0,8,0,0,5,0,0,0,0,1,0,0,0,0,0,0,0,0,0,6,2,27,0,4,0,0,9,0,1,0,27,1,0,0,0,0,4,5,0,0,0,0,28,0,0,0,0,0,0,0,63,0,110,10,0,7,0,0,0,0,0,7,0,457,0,0,494,0,0,0,488,175,0,98,37,0,0,0,680,0,0,0,0,0,0,0,0,0,0,0,26,128,0,0,0,0,0,1,202,0,1,0,0,31,0,0,0,1,0,3,0,0,0,0,3,0,28,0
"P_d0_d_b1__2022-12-22",122,0,5,0,0,0,0,785,81,3,0,32,0,0,18,0,0,0,0,36,0,0,2,0,0,0,583,0,0,0,0,0,5,0,0,303,0,59,0,0,0,0,0,0,0,0,2,169,0,0,0,0,69,6,0,0,0,0,0,0,0,0,0,0,0,4,0,0,0,0,96,0,0,0,0,0,0,3,4,0,0,0,0,0,25,0,0,0,0,0,28,68,0,0,0,0,0,0,2,0,17,0,0,0,0,0,0,0,23,0,0,0,0,0,0,0,0,0,0,27,0,0,57,15,0,0,0,2,2,0,69,0,0,20,0,4,0,0,0,0,173,0,0,0,40,0,0,0,0,0,1,3,1,20,1,0,0,0,0,0,0,0,819,7,0,0,0,14,0,0,0,0,0,0,0,27,0,140,0,0,0,0,1,0,0,0,19,0,3,2,0,34,0,0,0,497,147,6,36,116,0,4,4,623,0,0,4,0,0,0,0,0,0,7,0,0,0,0,1,0,0,28,0,0,0,0,9,0,44,0,0,0,0,7,0,0,0,0,2,0,0,17,0
"P_d0_d_b2__2022-12-22",130,0,16,0,0,0,0,437,64,8,0,56,0,0,7,0,0,0,0,56,0,0,2,0,0,0,538,0,0,0,0,0,2,0,0,453,0,82,0,0,0,0,0,0,0,0,1,253,0,0,0,0,22,0,0,0,0,0,0,0,0,0,0,0,0,3,0,0,0,0,99,0,0,0,0,0,0,1,0,0,1,0,3,0,47,0,0,0,0,0,47,57,0,0,0,0,0,0,0,0,7,0,0,0,0,0,0,0,34,0,3,0,0,0,0,0,0,3,0,8,0,0,56,4,0,0,0,1,0,0,51,0,0,23,0,3,0,0,0,0,62,0,0,0,85,0,0,0,0,0,0,3,3,29,5,0,0,0,0,0,0,0,675,8,0,0,0,6,0,0,0,0,0,0,0,51,0,150,0,0,1,0,0,0,0,0,31,0,1,0,0,10,0,3,0,655,282,0,40,134,0,0,7,698,0,0,3,0,0,0,0,0,0,14,0,0,0,0,0,0,0,22,0,0,0,0,4,1,17,0,0,0,0,12,0,0,0,0,4,0,1,8,0
"P_d0_d_b3__2022-12-22",196,0,8,0,0,0,0,502,74,2,0,28,0,0,16,0,0,0,0,120,0,0,1,0,0,0,769,0,0,0,0,0,4,0,0,443,0,72,0,0,0,0,0,0,0,0,0,144,0,0,0,0,29,0,0,0,0,0,0,0,0,0,0,0,0,5,0,0,0,0,100,0,0,0,0,0,0,2,3,0,7,0,0,0,18,0,0,0,0,0,29,52,0,0,0,0,0,0,0,0,12,0,0,0,0,0,0,0,45,0,0,0,0,0,0,0,0,0,0,10,0,0,44,2,0,0,0,2,0,0,76,0,0,26,0,0,0,0,0,0,78,0,0,0,50,0,0,0,0,0,2,3,0,28,2,0,0,0,0,0,0,0,577,7,0,0,0,4,0,0,0,0,0,0,0,14,0,106,0,1,1,0,0,0,0,0,40,0,13,0,0,0,0,0,0,547,231,0,45,171,2,0,12,726,0,0,2,0,0,0,0,0,0,4,0,0,0,0,0,0,0,32,0,0,0,0,13,0,25,0,0,0,0,11,0,0,0,0,4,0,0,11,0
"P_d0_d_b4__2022-12-22",72,0,6,0,0,0,0,519,126,1,0,22,0,0,10,0,0,0,0,212,0,0,3,0,0,0,426,0,0,0,0,0,4,0,0,384,0,53,0,0,0,0,0,0,0,0,1,165,0,0,0,0,26,6,0,0,0,0,0,0,0,0,0,0,0,1,0,0,0,0,62,0,0,0,0,0,0,0,3,0,0,0,0,0,12,0,0,0,0,0,27,11,0,0,0,0,0,0,0,0,47,0,0,1,0,0,0,0,23,0,0,0,0,0,0,0,0,0,0,16,0,0,42,1,0,0,0,1,4,0,41,0,0,17,0,2,0,0,0,0,52,0,0,0,64,0,0,0,0,0,1,1,0,23,3,0,0,0,0,0,0,0,926,8,0,0,0,2,0,0,0,0,0,0,0,35,0,156,0,0,3,0,0,0,0,0,24,0,2,2,0,26,0,0,11,921,155,0,44,123,0,0,0,561,0,0,3,0,0,2,0,0,0,6,0,0,0,0,0,0,0,34,0,0,0,0,0,0,34,0,0,0,0,10,0,0,0,0,3,0,0,21,0
"P_d0_d_b5__2022-12-22",85,0,3,0,0,0,0,363,167,6,0,27,0,0,7,0,0,0,0,244,0,0,2,0,0,0,430,0,0,0,0,0,0,0,0,351,0,67,0,0,0,0,0,0,0,0,3,159,0,0,0,0,23,1,0,0,0,0,0,0,0,0,0,0,0,3,0,0,0,0,46,0,0,0,0,0,0,4,0,0,0,0,0,0,12,0,0,0,0,0,29,21,0,0,0,0,0,0,1,0,61,0,0,0,0,0,0,0,21,0,0,0,0,0,0,0,0,2,0,12,0,0,26,3,0,0,0,2,1,0,19,0,0,18,0,3,0,0,0,0,39,0,0,0,98,0,0,0,0,0,0,2,0,13,4,0,0,0,0,0,0,0,833,10,0,0,0,2,0,0,0,0,0,0,0,42,0,171,2,3,4,0,5,0,0,0,40,0,3,0,0,18,0,4,0,824,277,0,38,149,0,0,5,732,0,0,0,0,0,0,0,0,0,0,0,0,0,0,1,0,0,15,0,0,0,0,1,0,22,0,0,0,0,9,0,0,0,0,2,0,1,12,0
"P_d0_d1_a__2022-12-22",237,0,5,0,0,0,0,475,104,4,0,35,0,0,5,0,0,0,0,123,0,0,5,0,0,0,851,0,0,0,0,0,0,0,0,466,0,104,0,0,0,0,0,0,0,0,2,127,0,0,0,0,37,5,0,0,0,0,0,0,0,0,0,0,0,8,0,0,0,0,95,0,0,0,0,0,0,4,0,0,0,0,0,0,21,0,0,0,0,0,56,43,0,0,0,0,0,0,2,0,0,3,0,0,0,0,0,0,44,0,0,0,0,0,0,0,0,0,0,8,0,0,27,0,0,0,0,6,0,0,82,0,0,26,0,0,0,0,0,0,48,0,0,0,80,0,0,0,0,0,8,0,5,12,2,0,0,0,0,0,0,0,461,2,0,0,0,6,0,0,0,0,0,0,0,5,0,57,0,0,0,0,0,0,0,0,33,0,12,0,0,2,0,0,8,520,246,0,51,200,0,0,4,728,0,0,3,0,0,2,0,0,0,5,0,0,0,0,0,0,0,26,0,0,0,0,5,0,41,0,0,0,0,13,0,0,0,0,4,0,0,4,0
"P_d0_d2_a__2022-12-22",213,0,5,0,0,0,0,381,47,4,0,74,0,0,5,0,0,0,0,124,0,0,4,0,0,0,1165,0,0,0,0,0,0,0,0,405,0,104,0,0,0,0,0,0,0,0,0,114,0,0,0,0,25,7,0,0,0,0,0,0,0,0,0,0,0,6,0,0,0,0,79,0,0,0,0,0,0,0,0,0,0,0,0,0,49,0,0,0,0,0,36,79,0,0,0,0,0,0,0,0,2,0,0,0,0,0,0,0,41,0,0,0,0,0,0,0,0,0,0,0,0,0,23,0,0,0,0,2,2,0,72,0,0,19,0,0,0,0,0,0,45,0,0,0,62,0,0,0,0,0,3,0,0,15,4,0,0,0,0,0,0,0,380,4,0,0,0,12,0,0,0,0,0,0,0,13,0,65,0,0,0,0,0,0,0,0,6,0,18,5,0,15,0,0,0,662,372,0,103,183,0,0,5,423,0,0,0,0,0,0,0,0,0,11,0,0,0,0,1,0,0,46,0,0,0,0,0,0,49,0,0,0,0,4,0,0,2,0,3,0,0,5,0
"P_d0_d3_a__2022-12-22",200,0,3,0,0,0,0,505,64,1,0,42,0,0,3,0,0,0,0,115,0,0,5,0,0,0,854,0,0,0,0,0,0,0,0,381,0,81,0,0,0,0,0,0,0,0,7,203,0,0,0,0,53,4,0,0,0,0,0,0,0,0,0,0,0,9,0,0,0,0,69,0,0,0,0,0,0,1,0,0,0,0,0,0,23,0,0,0,0,0,30,60,0,0,0,0,0,0,3,0,6,0,0,0,0,0,0,0,44,0,0,0,0,0,0,0,0,0,0,5,0,0,17,30,0,0,0,0,4,0,106,0,0,27,0,0,0,0,0,0,59,0,0,0,64,0,0,0,0,0,2,0,4,18,2,0,0,0,0,0,0,0,347,2,0,0,0,15,0,0,0,0,0,0,0,4,0,55,0,0,0,0,0,0,0,0,27,0,11,0,0,0,0,6,0,649,327,0,17,181,0,0,0,736,0,0,0,0,0,2,0,0,0,9,0,0,0,0,0,0,0,41,0,0,0,0,1,0,46,0,0,0,0,7,0,0,0,0,2,0,0,14,0
"P_d0_r_b1__2022-12-22",172,0,2,0,4,0,0,536,120,7,0,38,0,0,5,0,0,0,0,96,0,0,0,0,0,0,705,0,0,0,0,0,0,0,0,320,0,55,0,0,0,0,0,0,0,0,5,0,0,0,0,0,5,9,0,0,0,0,0,0,0,0,0,0,0,10,0,0,0,0,33,0,0,0,0,0,0,2,0,0,0,0,0,0,53,0,0,0,5,0,28,57,0,0,0,0,0,0,5,0,23,0,0,0,0,0,0,0,62,0,0,0,0,0,0,0,0,0,0,0,0,0,36,200,0,6,0,3,1,0,79,0,0,39,0,0,0,9,0,0,51,0,0,0,86,0,0,0,0,0,0,0,0,20,4,0,0,0,0,0,0,0,472,7,0,0,0,30,0,0,0,0,0,0,0,13,0,123,0,0,4,0,0,0,0,0,44,0,20,0,0,0,0,0,0,649,219,0,22,136,0,0,7,845,0,0,0,0,0,4,0,0,0,5,0,0,0,0,0,0,0,35,0,0,0,0,6,0,29,0,0,0,0,11,0,0,0,0,4,0,0,27,0
"P_d0_r_b2__2022-12-22",97,0,1,0,0,0,0,388,135,5,0,34,0,0,13,0,0,0,0,134,0,0,0,0,0,0,664,0,0,0,0,0,3,0,0,356,0,40,0,0,0,0,0,0,0,0,3,0,0,0,0,0,8,7,0,0,0,0,0,0,0,0,0,0,0,4,0,0,0,0,91,0,0,0,0,0,0,3,4,0,0,0,4,0,42,0,0,0,0,0,29,44,0,0,0,0,0,0,4,0,11,0,0,0,0,0,0,0,41,0,1,0,0,0,0,0,0,4,0,0,0,0,63,160,0,5,0,5,0,0,61,0,0,32,0,0,0,72,0,0,106,0,0,0,74,0,0,0,0,0,0,3,0,16,3,0,0,0,0,0,0,0,954,20,0,0,0,37,0,0,0,0,0,0,0,41,0,129,0,0,1,0,0,0,0,0,63,0,15,0,0,2,0,0,0,420,216,0,49,115,2,0,5,669,0,0,0,0,0,0,0,0,0,5,0,0,0,0,3,0,0,32,0,0,0,0,7,0,21,0,0,0,0,7,0,0,0,0,3,0,0,17,0
"P_d0_r_b3__2022-12-22",106,0,6,0,0,0,0,497,105,9,0,29,0,0,10,0,0,0,0,59,0,0,2,0,0,0,646,0,0,0,0,0,0,0,0,311,0,46,0,0,0,0,0,0,0,0,6,0,0,0,0,0,0,0,0,0,0,0,0,0,0,0,0,0,0,5,0,0,0,0,53,0,0,0,0,0,0,0,1,0,5,0,0,0,62,0,0,0,0,0,37,63,0,0,0,0,0,0,2,0,12,0,0,0,0,0,0,0,53,0,0,0,0,0,0,0,0,0,0,0,0,0,52,129,0,4,0,7,0,0,69,0,0,32,0,0,0,20,0,0,57,0,0,0,60,0,0,0,0,0,0,1,0,6,3,0,0,0,0,0,0,0,918,15,0,0,0,58,0,0,0,0,0,0,0,25,0,113,0,0,2,0,0,0,0,0,43,0,34,0,0,0,0,0,0,572,207,0,37,104,0,0,14,773,0,0,0,0,0,3,0,0,0,3,0,0,0,0,0,0,0,26,0,0,0,0,7,0,52,0,0,0,0,7,0,0,1,0,4,0,0,20,0
"P_d0_r_b4__2022-12-22",80,0,1,0,0,0,0,523,145,4,0,39,0,0,15,0,0,0,0,26,0,0,0,0,0,0,610,0,0,0,0,0,0,0,0,368,0,36,0,0,0,0,0,0,0,0,3,0,0,0,0,0,0,0,0,0,0,0,0,0,0,0,0,0,0,11,0,0,0,0,79,0,0,0,0,0,0,0,2,0,0,0,0,0,28,0,0,0,4,0,41,64,0,0,0,0,0,0,0,0,29,0,0,0,0,0,0,0,47,0,0,0,0,0,0,0,0,3,0,0,0,0,72,5,0,5,0,0,4,0,56,0,0,16,0,0,0,70,0,0,0,0,0,0,91,0,0,0,0,0,0,0,0,13,6,0,0,0,0,0,0,0,936,21,0,0,0,81,0,0,0,0,0,0,0,40,0,65,0,0,0,0,0,0,0,0,67,0,51,0,0,0,0,0,0,562,239,0,52,92,3,0,0,762,0,0,0,0,0,0,0,0,0,8,0,0,0,0,0,0,0,31,0,0,0,0,6,0,35,0,0,0,0,16,0,0,0,0,7,0,0,33,0
"P_d0_r_b5__2022-12-22",97,0,2,0,0,0,0,402,150,2,0,33,0,0,13,0,0,0,0,55,0,0,0,0,0,0,636,0,0,0,0,0,0,0,0,338,0,71,0,0,0,0,0,0,0,0,4,0,0,0,0,0,5,4,0,0,0,0,0,0,0,0,0,0,0,5,0,0,0,0,62,0,0,0,0,0,0,1,3,0,0,0,2,0,35,0,0,0,0,0,26,71,0,0,0,0,0,0,3,0,5,0,0,0,0,0,0,0,49,0,2,0,0,0,0,0,0,5,0,0,0,0,58,129,0,5,0,7,1,0,18,0,0,32,0,0,0,76,0,0,28,0,0,0,110,0,0,0,0,0,0,0,0,20,2,0,0,0,0,0,0,0,898,18,0,0,0,53,0,0,0,0,0,0,0,32,0,130,0,0,5,0,0,0,0,0,57,0,48,0,0,3,0,0,0,540,196,0,31,105,4,0,5,790,0,0,1,0,0,0,0,0,0,7,0,0,0,0,1,0,0,31,0,0,0,0,9,0,27,0,0,0,0,11,0,0,0,0,8,2,0,24,0
"P_d0_r1_a1__2022-12-22",141,0,5,0,0,0,0,376,102,12,0,73,0,0,26,0,0,0,0,93,0,0,4,0,0,0,790,0,0,0,0,0,0,0,0,328,0,47,0,0,0,0,0,0,0,0,3,0,0,0,0,0,0,2,0,0,0,0,0,0,0,0,0,0,0,7,0,0,0,0,70,0,0,0,0,0,0,3,2,0,0,0,0,0,18,0,0,0,0,0,33,75,0,0,0,0,0,0,0,0,27,0,0,0,0,0,0,0,45,0,0,0,0,0,0,0,0,0,0,0,0,0,38,14,0,0,0,0,2,0,70,0,0,39,0,0,0,33,0,0,6,0,0,0,117,0,0,0,0,0,0,0,2,7,4,0,0,0,0,0,0,0,696,21,0,0,0,138,0,0,0,0,0,0,0,12,0,96,0,0,2,0,1,0,0,0,54,0,18,0,0,0,0,0,9,669,238,0,33,131,0,0,8,746,0,0,0,0,0,4,0,0,0,4,0,0,0,0,0,0,0,34,0,0,0,0,9,0,24,0,0,0,0,14,0,0,0,0,5,0,0,23,0
"P_d0_r1_a2__2022-12-22",106,0,8,0,0,0,0,395,140,4,0,40,0,0,37,0,0,0,0,228,0,0,5,0,0,0,1136,0,0,0,0,0,2,0,0,327,0,41,0,0,0,0,0,0,0,0,2,0,0,0,0,0,80,2,0,0,0,0,0,0,0,0,0,0,0,9,0,0,0,0,55,0,0,0,0,0,0,0,0,0,0,0,3,0,32,0,0,0,0,0,45,59,0,0,0,0,0,2,2,0,0,0,0,0,0,0,0,0,30,0,0,0,0,0,0,0,0,0,0,0,0,0,37,6,0,0,0,4,5,0,84,0,0,46,0,0,0,4,0,0,40,0,0,0,81,0,0,0,0,0,0,0,3,9,4,0,0,0,0,0,0,0,690,33,0,0,0,89,0,0,0,0,0,0,0,24,0,111,0,0,2,0,0,0,0,0,26,0,54,1,0,7,0,0,0,632,165,0,74,126,1,0,0,331,0,0,1,0,0,0,0,0,0,8,0,0,0,0,2,0,0,52,0,0,0,0,0,0,32,0,0,0,0,8,0,0,0,0,8,0,1,12,0
"P_d0_r2_a1__2022-12-22",142,0,0,0,0,0,0,285,86,6,0,57,0,0,6,0,0,0,0,128,0,0,5,0,0,0,846,0,0,0,0,0,3,0,0,460,0,60,0,0,0,0,0,0,0,0,6,0,0,0,0,0,0,0,0,0,0,0,0,0,0,0,0,0,0,13,0,0,0,0,49,0,0,0,0,0,0,3,0,0,0,0,6,0,50,0,0,0,1,0,38,57,0,0,0,0,0,0,3,0,0,0,0,0,0,0,0,0,50,0,0,0,0,0,0,0,0,2,0,0,0,0,27,20,0,0,0,0,4,0,100,0,0,26,0,0,0,136,0,0,43,0,0,0,114,0,0,0,0,0,0,0,0,12,7,0,0,0,0,0,0,0,591,17,0,0,0,40,0,0,0,0,0,0,0,22,0,90,0,0,3,0,0,0,0,0,34,0,24,0,0,0,0,0,0,493,271,0,44,68,0,0,14,944,0,0,0,0,0,0,0,0,0,6,0,0,0,0,0,0,0,39,0,0,0,0,8,0,16,0,0,0,0,13,0,0,0,0,2,0,0,13,0
"P_d0_r2_a2__2022-12-22",149,0,4,0,0,0,0,347,172,2,0,38,0,0,12,0,0,0,0,160,0,0,5,0,0,0,980,0,0,0,0,0,4,0,0,293,0,64,0,0,0,0,0,0,0,0,6,0,0,0,0,0,54,1,0,0,0,0,0,0,0,0,0,0,0,9,0,0,0,0,60,0,0,0,0,0,0,5,0,0,0,0,2,0,49,0,0,0,0,0,38,44,0,0,0,0,0,0,3,0,11,0,0,0,0,0,0,0,47,0,0,0,0,0,0,0,0,0,0,0,0,0,24,36,0,0,0,7,3,0,69,0,0,26,0,0,0,54,1,0,36,0,0,0,140,0,0,0,0,0,0,0,1,12,2,0,0,0,0,0,0,0,880,10,0,0,0,18,0,0,0,0,0,0,0,34,0,76,0,0,3,0,1,0,0,0,40,0,49,1,0,3,0,10,0,691,217,0,41,177,2,0,0,242,0,0,0,0,0,3,0,0,0,8,0,0,0,0,0,0,0,34,0,0,0,0,1,0,34,0,0,0,0,23,0,0,0,0,6,0,2,27,0
"P_d0_r3_a1__2022-12-22",84,0,1,0,0,0,0,447,94,14,0,30,0,0,5,0,0,0,0,49,0,0,2,0,0,0,993,0,0,0,0,0,4,0,0,466,0,53,0,0,0,0,0,0,0,0,4,0,0,0,0,0,0,6,0,0,0,0,0,0,0,0,0,3,0,5,0,0,0,0,78,0,0,0,0,0,0,1,3,0,0,0,0,0,47,0,0,0,0,0,37,77,0,0,0,0,0,0,3,0,14,0,0,0,0,0,0,0,59,0,0,0,0,0,0,0,0,4,0,0,0,0,35,0,0,0,0,4,6,0,101,0,0,26,0,0,0,86,0,0,0,0,0,0,106,0,0,0,0,0,0,0,2,7,1,0,0,0,0,0,0,0,594,24,0,0,0,65,0,0,0,0,0,9,0,12,0,7,0,0,3,0,0,0,0,0,50,0,61,0,31,0,0,0,0,496,243,0,23,63,2,0,0,838,0,0,0,0,0,0,0,0,0,2,0,0,0,0,3,0,0,36,0,0,0,0,4,0,39,0,0,0,0,16,0,0,0,0,10,0,0,15,0
"P_d0_r3_a2__2022-12-22",191,0,10,0,0,0,0,448,112,4,0,40,0,0,4,0,0,0,0,152,0,0,0,0,0,0,1181,0,0,0,0,0,6,0,0,321,0,56,0,0,0,0,0,0,0,0,3,0,0,0,0,0,55,0,0,0,0,0,0,0,0,0,0,0,0,4,0,0,0,0,71,0,0,0,0,0,0,0,1,0,7,0,0,0,43,0,0,0,0,0,23,39,0,0,0,0,0,0,4,0,0,0,0,0,0,0,0,0,50,0,0,0,0,0,0,0,0,1,0,0,0,0,27,8,0,0,0,3,6,0,64,0,0,36,0,0,0,7,0,0,48,0,0,0,80,0,0,0,0,0,0,0,1,11,0,0,0,0,0,0,0,0,719,31,0,0,0,17,0,0,0,0,0,0,0,24,0,66,0,0,0,0,0,0,0,0,22,0,44,2,0,8,0,6,0,654,229,0,70,138,0,5,0,375,0,0,1,0,0,1,0,0,0,3,0,0,0,0,0,0,0,26,0,0,0,0,0,0,19,0,0,0,0,14,0,2,0,0,0,0,2,8,0
"P_d1_d_b1__2022-12-22",53,0,6,0,0,0,0,480,44,6,0,12,0,0,14,0,0,0,0,239,0,0,7,0,0,0,591,0,0,0,0,0,3,0,0,296,0,60,0,0,0,0,0,0,0,0,1,333,0,0,0,0,10,7,0,0,0,0,0,0,0,0,0,0,0,5,0,0,0,0,91,0,0,0,0,0,0,1,2,0,0,0,0,0,42,0,0,0,0,0,28,19,0,0,0,0,0,0,2,0,63,0,0,6,0,0,0,0,33,0,0,0,0,0,0,0,0,0,0,24,0,0,43,2,0,0,0,0,4,0,78,0,0,8,0,0,0,0,0,0,108,0,0,0,51,0,0,0,0,0,0,3,2,23,2,0,0,0,0,0,0,0,896,3,0,0,0,9,0,0,0,0,0,0,0,47,0,142,3,2,0,0,0,0,0,0,39,0,18,0,0,0,0,7,0,719,227,0,30,119,4,0,8,420,0,0,3,0,0,0,0,0,0,9,0,0,0,0,0,0,0,23,0,0,0,0,6,0,43,0,0,0,0,2,0,0,0,0,3,0,0,19,0
"P_d1_d_b2__2022-12-22",50,0,8,0,2,0,0,558,150,7,0,31,0,0,8,0,0,0,0,195,0,0,3,0,0,0,579,0,0,0,0,0,0,0,0,394,0,40,0,0,0,0,0,0,0,0,2,221,0,0,0,0,29,5,0,0,0,0,0,0,0,0,0,0,0,3,0,0,0,0,75,0,0,0,0,0,0,0,0,0,0,0,0,0,13,0,0,0,0,0,28,27,0,0,0,0,0,0,1,0,53,1,0,2,0,0,0,0,25,0,0,0,0,0,0,0,0,0,0,22,0,0,42,0,0,0,0,0,0,0,50,0,0,12,0,0,0,0,0,0,97,0,0,0,42,0,0,0,0,0,1,0,4,13,2,0,0,0,0,0,0,0,963,7,0,0,0,9,0,0,0,0,0,0,0,22,0,176,0,0,2,0,0,0,0,0,22,0,4,0,0,23,0,0,0,720,143,0,29,157,0,0,5,438,0,0,3,0,0,1,0,0,0,2,0,0,0,0,0,0,0,17,0,0,0,0,6,0,28,0,0,0,0,2,0,0,2,0,7,0,0,20,0
"P_d1_d_b3__2022-12-22",73,0,1,0,1,0,0,600,80,2,0,9,0,0,8,0,0,0,0,248,0,0,1,0,0,0,520,0,0,0,0,0,2,0,0,335,0,57,0,0,0,0,0,0,0,0,0,343,0,0,0,0,20,4,0,0,0,0,0,0,0,0,0,0,0,8,0,0,0,0,128,0,0,0,0,0,0,2,3,0,0,0,0,0,26,0,0,0,2,0,29,15,0,0,0,0,0,0,0,0,15,0,0,0,0,0,0,0,42,0,0,0,0,0,0,0,0,0,0,13,0,0,41,3,0,0,0,2,5,0,77,0,0,19,0,0,0,0,0,0,73,0,0,0,49,0,0,0,0,0,0,0,2,19,0,0,0,0,0,0,0,0,944,5,0,0,0,9,0,0,0,0,0,0,0,20,0,110,3,1,1,0,0,0,0,0,28,0,2,0,39,3,0,0,0,411,249,0,39,129,0,0,1,628,0,0,0,0,0,3,0,0,0,9,0,0,0,0,0,0,0,30,0,0,0,0,1,0,36,0,0,0,0,3,0,0,0,0,2,0,1,19,0
"P_d1_d_b4__2022-12-22",75,0,5,0,2,0,0,404,91,3,0,26,0,0,13,0,0,0,0,292,0,0,2,0,0,0,561,0,0,0,0,0,0,0,0,345,0,63,0,0,0,0,0,0,0,0,1,305,0,0,0,0,9,4,0,0,0,0,0,0,0,0,0,0,0,10,0,0,0,0,102,0,0,0,0,0,0,2,7,0,0,0,0,0,49,0,0,0,0,0,47,23,0,0,0,0,0,0,1,0,46,0,0,0,0,0,0,0,23,0,0,0,0,0,0,0,0,0,2,20,0,0,47,7,0,0,0,0,0,0,32,0,0,28,0,2,0,0,0,0,46,0,0,0,55,0,0,0,0,0,2,3,0,17,4,0,0,0,0,0,0,0,822,5,0,0,0,0,0,0,0,0,0,0,0,52,0,94,0,2,0,0,0,0,0,0,33,0,30,0,0,12,0,0,0,662,251,0,42,127,0,0,8,573,0,0,3,0,0,0,0,0,0,5,0,0,0,0,0,0,0,26,0,0,0,0,2,0,42,0,0,0,0,6,0,0,1,0,9,0,1,19,0
"P_d1_d_b5__2022-12-22",73,0,8,0,5,0,0,377,91,0,0,24,0,0,6,0,0,0,0,376,0,0,3,0,0,0,494,0,0,0,0,0,5,0,0,427,0,74,0,0,0,0,0,0,0,0,3,200,0,0,0,0,21,4,0,0,0,0,0,0,0,0,0,0,0,4,0,0,0,0,95,0,0,0,0,0,0,0,0,0,0,0,1,0,30,0,0,0,0,0,38,18,0,0,0,0,0,0,3,0,71,0,0,2,0,0,0,0,37,0,0,0,0,0,0,0,0,0,0,13,0,0,29,4,0,1,4,3,2,0,65,0,0,23,0,5,0,0,0,0,36,0,0,0,86,0,0,0,0,0,1,2,2,25,2,0,0,0,0,0,0,0,687,8,0,0,0,7,0,0,0,0,0,0,0,56,0,133,0,0,7,0,0,0,0,0,37,0,7,0,0,14,0,0,0,660,282,0,37,124,0,0,4,637,0,0,4,0,2,0,0,0,0,1,0,0,0,0,0,0,0,31,0,0,0,0,0,0,35,0,0,0,0,9,0,0,0,0,14,0,0,14,0
"P_d1_d1_a__2022-12-22",122,0,7,0,0,0,0,418,91,4,0,43,0,0,10,0,0,0,0,25,0,0,0,0,0,0,905,0,0,0,0,0,3,0,0,595,0,68,0,0,0,0,0,0,0,0,3,310,0,0,0,0,33,4,0,0,0,0,0,0,0,0,0,0,0,4,0,0,0,0,126,0,0,0,0,0,0,0,3,0,0,0,0,0,27,0,0,0,0,0,42,60,0,0,0,0,0,0,4,0,0,0,0,0,0,0,0,0,44,0,0,0,0,0,0,0,0,0,0,5,0,0,28,2,0,0,3,0,2,0,65,0,0,22,0,2,0,0,0,0,63,0,0,0,88,0,0,0,0,0,0,0,0,16,2,0,0,0,0,0,0,0,510,7,0,0,0,8,0,0,0,0,0,0,0,15,0,105,0,0,3,0,0,0,0,0,16,0,1,5,0,3,0,0,0,650,121,0,31,140,0,0,3,609,0,0,2,0,2,0,0,0,0,6,0,0,0,0,2,0,0,30,0,0,0,0,10,0,49,0,0,0,0,5,0,0,1,0,8,0,0,12,0
"P_d1_d2_a__2022-12-22",80,0,8,0,0,0,0,323,47,3,0,31,0,0,0,0,0,0,0,143,0,0,3,0,0,0,996,0,0,0,0,0,0,0,0,394,0,68,0,0,0,0,0,0,0,0,2,444,0,0,0,0,9,4,0,0,0,0,0,0,0,0,0,0,0,8,0,0,0,0,76,0,0,0,0,0,0,0,1,0,0,0,0,0,54,0,0,0,0,0,32,41,0,0,0,0,0,0,2,0,25,0,0,0,0,4,0,0,13,0,0,0,0,0,0,0,0,0,0,7,0,0,23,0,0,0,0,0,2,0,84,0,0,17,0,1,0,0,0,0,39,0,0,0,79,0,0,0,0,0,4,0,0,15,3,0,0,0,0,0,0,0,408,8,0,0,0,5,0,0,0,0,0,0,0,16,0,75,0,0,2,0,0,0,0,0,10,0,22,0,0,0,0,0,9,828,309,0,24,141,0,0,0,528,0,0,0,0,0,0,0,0,0,8,0,0,0,0,0,0,0,47,0,0,0,0,2,0,53,0,0,0,0,8,0,0,0,0,7,0,1,7,0
"P_d1_d3_a__2022-12-22",120,0,6,0,0,0,0,566,83,5,0,30,0,0,8,0,0,0,0,29,0,0,5,0,0,0,1153,0,0,0,0,0,3,0,0,389,0,42,0,0,0,0,0,0,0,0,1,239,0,0,0,0,58,6,0,0,0,0,0,0,0,0,0,0,0,7,0,0,0,0,91,0,0,0,0,0,0,2,1,0,0,0,3,0,35,0,0,0,0,0,31,62,0,0,0,0,0,0,5,0,0,0,0,2,0,0,0,0,13,0,0,0,0,0,0,0,0,0,0,9,0,0,32,3,0,0,0,0,0,0,97,0,0,15,0,5,0,0,0,0,53,0,0,0,64,0,0,0,0,0,0,0,0,5,6,0,0,0,0,0,0,0,543,4,0,0,0,20,0,0,0,0,0,0,0,14,0,108,0,0,0,0,0,0,0,0,19,0,35,0,0,37,0,0,7,498,123,0,25,99,3,0,6,668,0,0,4,0,0,0,0,0,0,9,0,0,0,0,0,0,0,17,0,0,0,0,2,0,51,0,0,0,0,7,0,0,0,0,1,0,0,19,0
"P_d1_r_b1__2022-12-22",176,0,14,0,3,0,0,1557,177,1,0,90,0,0,6,0,0,0,0,109,0,0,4,0,0,0,586,0,0,0,0,0,0,0,0,322,0,90,0,0,0,0,0,0,0,0,0,102,0,0,0,0,0,5,0,0,0,0,0,0,0,0,0,0,0,7,0,0,0,0,79,0,0,0,0,0,0,1,8,0,0,0,0,0,1,0,0,0,0,0,31,65,0,0,0,0,0,0,3,0,4,0,0,0,0,0,0,0,40,0,0,0,0,0,0,0,0,3,0,0,0,0,52,0,0,12,0,0,0,0,19,0,0,43,0,0,0,564,0,0,12,0,0,0,56,0,0,0,0,0,0,2,1,23,4,0,0,0,0,0,0,0,731,10,0,0,0,29,0,0,0,0,0,0,0,41,0,79,2,0,0,0,3,0,0,0,16,0,0,0,0,0,0,0,0,185,0,10,0,99,0,0,0,0,0,0,1,0,0,0,0,0,0,6,0,0,0,0,3,0,0,34,0,0,0,0,7,0,27,0,0,0,0,2,0,0,7,0,5,0,7,27,0
"P_d1_r_b2__2022-12-22",202,0,15,0,4,0,0,1604,154,4,0,76,0,0,6,0,0,0,0,159,0,0,5,0,0,0,522,0,0,0,0,0,1,0,0,418,0,81,0,0,0,0,0,0,0,0,3,164,0,0,0,0,0,5,0,0,0,0,0,0,0,0,0,1,0,8,0,0,0,0,69,0,0,0,0,0,0,2,8,0,0,0,1,0,5,0,0,0,0,0,36,60,0,0,0,0,0,0,5,0,2,0,0,0,0,0,0,0,22,0,0,0,0,0,0,0,0,0,0,0,0,0,34,0,0,8,0,1,7,0,72,0,0,51,0,0,0,196,0,0,22,0,0,0,73,0,0,0,0,0,0,0,4,13,3,0,0,0,0,0,0,0,633,6,0,0,0,23,0,0,0,0,0,0,0,60,0,84,2,0,4,0,3,0,0,0,22,0,0,0,0,0,0,0,0,368,0,10,0,132,0,0,0,0,0,0,2,0,0,3,0,0,0,12,0,0,0,0,0,0,0,52,0,0,0,0,0,0,36,0,0,0,0,2,0,0,0,0,2,0,3,18,0
"P_d1_r_b3__2022-12-22",113,0,11,0,0,0,0,1095,181,6,0,63,0,0,17,0,0,0,0,65,0,0,3,0,0,0,977,0,0,0,0,0,4,0,0,372,0,86,0,0,0,0,0,0,0,0,4,203,0,0,0,0,28,13,0,0,0,0,0,0,0,0,0,0,0,5,0,0,0,0,79,0,0,0,0,0,0,1,3,0,0,0,2,0,43,0,0,0,0,0,36,47,0,0,0,0,0,0,1,0,59,0,0,0,0,0,0,0,35,0,0,0,0,0,0,0,0,5,0,0,0,0,48,0,0,14,0,2,5,0,81,0,0,31,0,0,0,98,0,0,37,0,0,0,0,0,0,0,0,0,0,1,0,36,4,0,0,0,0,0,0,0,755,26,0,0,0,39,0,0,0,0,0,0,0,50,0,122,5,0,2,0,3,0,0,0,36,0,0,0,0,0,0,0,0,407,0,0,0,121,2,0,0,0,0,0,3,0,0,3,0,0,0,7,0,0,0,0,3,0,0,44,0,0,0,0,5,0,13,0,0,0,0,7,0,0,2,0,2,0,0,32,0
"P_d1_r_b4__2022-12-22",80,0,10,0,0,0,0,1612,200,4,0,59,0,0,6,0,0,0,0,79,0,0,7,0,0,0,598,0,0,0,0,0,0,0,0,383,0,40,0,0,0,0,0,0,0,0,5,168,0,0,0,0,0,6,0,0,0,0,0,0,0,0,0,0,0,10,0,0,0,0,68,0,0,0,0,0,0,1,10,0,0,0,4,0,4,0,0,0,0,0,36,59,0,0,0,0,0,0,2,0,18,0,0,0,0,0,0,0,31,0,0,0,0,0,0,0,0,6,0,0,0,0,34,0,0,10,1,4,3,0,54,0,0,25,0,0,0,193,0,0,0,0,0,0,9,0,0,0,0,0,0,3,2,35,4,0,0,0,0,0,0,0,980,55,0,0,0,49,0,0,0,0,0,0,0,92,0,203,0,0,2,0,6,0,0,0,30,0,0,0,0,0,0,0,0,80,0,8,0,119,0,0,0,0,0,0,0,0,0,5,0,0,0,5,0,0,0,0,0,0,0,23,0,0,0,0,10,0,11,0,0,0,0,0,0,0,4,0,3,0,1,34,0
"P_d1_r_b5__2022-12-22",241,0,11,0,2,0,0,1340,149,7,0,82,0,0,8,0,0,0,0,143,0,0,6,0,0,0,609,0,0,0,0,0,5,0,0,373,0,79,0,0,0,0,7,0,0,0,5,191,0,0,0,0,85,10,0,0,0,0,0,0,0,0,0,0,0,14,0,0,0,0,67,0,0,0,0,0,0,0,5,0,0,0,0,0,43,0,0,0,0,0,43,49,0,0,0,0,0,0,4,0,3,0,0,0,0,0,0,0,38,0,0,0,0,0,0,0,0,2,0,0,0,0,41,0,0,17,0,3,1,0,69,0,0,60,0,0,0,23,0,0,64,0,2,0,37,0,0,0,0,0,0,0,0,23,3,0,0,0,0,0,0,0,626,6,0,0,0,27,0,0,0,0,0,0,0,28,0,92,0,0,4,0,4,0,0,0,8,0,0,0,0,0,0,0,0,590,0,0,0,136,0,0,0,0,0,0,0,0,0,4,0,0,0,10,0,0,0,0,2,0,0,50,0,0,0,0,8,0,19,0,0,0,0,5,0,0,3,0,0,0,1,16,0
"P_d1_r1_a1__2022-12-22",23,0,8,0,0,0,0,1254,125,24,0,36,0,0,8,0,0,0,0,252,0,0,3,0,0,0,1002,0,0,0,0,0,3,0,0,447,0,51,0,0,0,0,0,0,0,0,4,480,0,0,0,0,0,4,0,0,0,0,0,0,0,0,0,0,0,11,0,0,0,0,66,0,0,0,0,0,0,0,2,0,0,0,0,0,9,0,0,0,0,0,20,4,0,0,0,0,0,0,1,0,26,0,0,0,0,0,0,0,55,0,0,0,0,0,0,0,0,0,0,0,0,0,32,0,0,18,0,7,3,0,47,0,0,60,0,0,0,421,0,0,0,0,0,0,0,0,0,0,0,0,0,0,0,16,4,0,0,0,0,0,0,0,546,15,0,0,0,151,0,0,0,0,0,0,0,52,0,0,0,0,0,0,5,0,0,0,14,0,0,0,0,0,0,0,0,0,0,13,0,198,0,0,0,0,0,0,0,0,0,7,0,0,0,6,0,0,0,0,0,0,0,29,0,0,0,0,4,0,13,0,0,0,0,0,0,0,6,0,5,0,0,13,0
"P_d1_r1_a2__2022-12-22",234,0,6,0,1,0,0,1240,187,6,0,50,0,0,8,0,0,0,0,137,0,0,3,0,0,0,901,0,0,0,0,0,3,0,0,451,0,79,0,0,0,0,0,0,0,0,6,226,0,0,0,0,9,4,0,0,0,0,0,0,0,0,0,0,0,14,0,0,0,0,91,0,0,0,0,0,0,5,0,0,0,0,2,0,2,0,0,0,0,0,52,51,0,0,0,0,0,0,3,0,5,0,0,0,0,0,0,0,32,0,0,0,0,0,0,0,0,5,0,0,0,0,59,0,0,10,0,2,0,0,115,0,0,50,0,0,0,301,0,0,26,0,39,0,208,0,0,0,0,0,0,2,1,7,8,0,0,0,0,0,0,0,235,8,0,0,0,28,0,0,0,3,0,0,0,23,0,69,0,0,1,0,2,0,0,0,22,0,0,0,86,0,0,0,0,293,0,0,0,86,0,0,0,0,0,0,3,0,0,0,0,0,0,7,0,0,0,0,5,0,0,38,0,0,0,0,3,0,21,0,0,0,0,8,0,0,0,0,3,0,0,18,0
"P_d1_r2_a1__2022-12-22",38,0,23,0,0,0,0,1514,91,13,0,47,0,0,12,0,0,0,0,282,0,0,4,0,0,0,978,0,0,0,0,0,0,0,0,392,0,81,0,0,0,0,0,0,0,0,2,89,0,0,0,0,0,7,0,0,0,0,0,0,0,0,0,0,0,10,0,0,0,0,58,0,0,0,0,0,0,0,2,0,0,0,0,0,10,0,0,0,0,0,28,12,0,0,0,0,0,0,0,0,3,0,0,0,0,0,0,0,51,0,0,0,0,0,0,0,0,0,0,0,0,0,33,0,0,10,0,0,3,0,100,0,0,40,0,0,0,370,0,0,0,0,0,0,0,0,0,0,0,0,0,0,0,19,4,0,0,0,0,0,0,0,696,36,0,0,0,161,0,0,0,0,0,0,0,53,0,0,0,0,0,0,4,0,0,0,46,0,0,0,0,0,0,0,0,0,0,10,0,180,3,0,0,0,0,0,1,0,0,5,0,0,0,11,0,0,0,0,2,0,0,38,0,0,0,0,4,0,11,0,0,0,0,4,0,0,1,0,0,1,0,10,0
"P_d1_r2_a2__2022-12-22",166,0,1,0,1,0,0,889,92,4,0,49,0,0,10,0,0,0,0,130,0,0,0,0,0,0,730,0,0,0,0,0,2,0,0,242,0,59,0,0,0,0,0,0,0,0,2,410,0,0,0,0,45,0,0,0,0,0,0,0,0,0,0,0,0,6,0,0,0,0,80,0,0,0,0,0,0,3,2,0,0,0,0,0,25,0,0,0,0,0,22,54,0,0,0,0,0,0,0,0,9,0,0,0,0,0,0,0,39,0,0,0,0,0,0,0,0,0,0,0,0,0,30,0,0,2,0,3,8,0,106,0,0,32,0,0,0,343,0,0,80,0,14,0,127,0,0,0,0,0,0,0,1,13,2,0,0,0,0,0,0,0,817,5,0,0,0,16,0,0,0,0,0,0,0,30,0,89,1,0,4,0,4,0,0,0,24,0,0,0,0,0,0,0,4,516,0,13,0,142,5,0,0,0,0,0,3,0,0,0,0,0,0,2,0,0,0,0,0,0,0,23,0,0,0,0,10,0,29,0,0,0,0,8,0,1,0,0,6,0,2,16,0
"P_d1_r3_a1__2022-12-22",30,0,11,0,0,0,0,1332,115,11,0,52,0,0,5,0,0,0,0,129,0,0,0,0,0,0,1099,0,0,0,0,0,5,0,0,305,0,80,0,0,0,0,0,0,0,0,2,647,0,0,0,0,6,0,0,0,0,0,0,0,0,0,0,0,0,23,0,0,0,0,61,0,0,0,0,0,0,2,1,0,0,0,1,0,18,0,0,0,0,0,30,27,0,0,0,0,0,0,1,0,0,0,0,0,0,0,0,0,54,0,0,0,0,0,0,0,0,0,0,0,0,0,38,0,0,16,0,4,8,0,28,0,0,35,0,0,0,281,0,0,28,0,0,0,0,0,0,0,0,0,0,0,3,16,5,0,0,0,0,0,0,0,534,14,0,0,0,41,0,0,0,0,0,0,0,13,0,101,0,0,0,0,1,0,0,0,18,0,0,0,0,0,0,0,0,60,0,15,0,177,2,0,0,0,0,0,4,0,0,6,0,0,0,6,0,0,0,0,0,0,0,42,0,0,0,0,5,0,17,0,0,0,0,10,0,0,3,0,10,0,2,13,0
"P_d1_r3_a2__2022-12-22",203,0,3,0,0,0,0,1029,149,4,0,51,0,0,11,0,0,0,0,121,0,0,8,0,0,0,960,0,0,0,0,0,0,0,0,295,0,66,0,0,0,0,0,0,0,0,3,189,0,0,0,0,84,3,0,0,0,0,0,0,0,0,0,0,0,9,0,0,0,0,82,0,0,0,0,0,0,7,0,0,0,0,1,0,37,0,0,0,0,0,59,45,0,0,0,0,0,0,0,0,12,0,0,0,0,0,0,0,42,0,0,0,0,0,0,0,0,5,0,0,0,0,36,0,0,0,0,0,0,0,69,0,0,36,0,0,0,160,0,0,69,0,10,0,142,0,0,0,0,0,0,0,1,13,2,0,0,0,0,0,0,0,668,7,0,0,0,17,0,0,0,0,0,0,0,14,0,76,0,0,2,0,2,0,0,0,24,0,0,0,0,0,0,0,0,479,0,8,0,175,5,0,0,0,0,0,1,0,0,3,0,0,0,8,0,0,0,0,0,0,0,36,0,0,0,0,5,0,22,0,0,0,0,14,0,0,0,0,6,0,3,12,0
"P_m1_d_b1__2022-12-22",132,0,2,0,2,0,0,859,108,9,0,26,0,0,6,0,0,0,0,224,0,0,0,0,0,0,188,0,0,0,0,0,0,0,0,452,0,71,0,0,0,0,0,4,0,0,1,473,0,0,0,0,40,5,0,0,0,0,0,0,0,0,0,0,0,7,0,0,0,0,64,0,0,0,0,0,0,1,9,0,0,0,0,0,22,0,0,0,5,0,29,10,0,0,0,0,0,0,2,0,32,0,0,0,0,0,0,0,68,0,0,0,0,0,0,0,0,0,0,20,0,0,16,19,0,0,0,0,0,0,35,0,0,13,0,0,0,0,0,0,54,0,0,0,82,0,0,0,0,0,0,2,0,31,6,0,0,0,0,0,0,0,750,11,0,4,0,52,0,0,0,0,0,0,0,18,0,102,0,0,5,0,2,0,0,0,37,0,10,0,0,0,0,0,0,34,295,0,20,94,0,0,5,897,0,0,0,0,1,0,0,0,0,6,0,0,0,0,0,0,0,45,0,0,0,0,6,0,51,0,0,0,0,8,0,0,0,0,7,0,1,13,0
"P_m1_d_b2__2022-12-22",93,0,4,0,2,0,0,820,83,13,0,11,0,0,8,0,0,0,0,125,0,0,9,0,0,0,223,0,0,0,0,0,3,0,0,455,0,50,0,0,0,0,0,13,0,0,3,548,0,0,0,0,43,6,0,0,0,0,0,0,0,0,0,0,0,7,0,0,0,0,93,0,0,0,0,0,0,0,4,0,0,0,2,0,28,0,0,0,8,0,17,6,0,0,0,0,0,0,3,0,21,0,0,0,0,0,0,0,57,0,0,0,0,0,0,0,0,0,0,14,0,0,20,25,0,1,0,0,0,0,57,0,0,24,0,0,0,0,0,0,59,0,0,3,71,0,0,0,0,0,0,0,0,37,3,0,0,0,0,0,0,0,757,8,0,0,0,73,0,0,0,0,0,0,0,18,0,111,0,0,2,0,3,0,0,0,46,0,13,0,0,0,0,0,0,16,273,0,29,66,0,0,0,986,0,0,4,0,0,3,0,0,0,10,0,0,0,0,0,0,0,33,0,0,0,0,1,0,58,0,0,0,0,5,0,0,0,0,3,0,2,11,0
"P_m1_d_b3__2022-12-22",81,0,6,0,0,0,0,769,121,10,0,15,0,0,3,0,0,0,0,207,0,0,2,0,0,0,280,0,0,0,0,0,0,0,0,461,0,48,0,0,0,0,0,4,0,0,5,556,0,0,0,1,16,5,0,0,0,0,0,0,0,0,0,0,0,3,0,0,0,0,116,0,0,0,0,0,0,2,7,0,0,0,0,0,26,0,0,0,3,0,23,13,0,0,0,0,0,0,0,0,30,0,0,0,0,0,0,0,47,0,0,0,0,0,0,0,0,0,0,14,0,0,23,8,0,3,0,0,1,0,67,0,0,19,0,0,0,0,0,0,58,0,0,0,40,0,0,0,0,0,0,0,0,23,5,0,0,0,0,0,0,0,879,10,0,0,0,38,0,0,0,0,0,0,0,15,0,114,0,0,0,0,0,0,0,0,41,0,17,0,0,0,0,0,0,68,261,0,26,130,0,0,0,789,0,0,4,0,0,0,0,0,0,3,0,0,0,0,2,0,0,21,0,0,0,0,3,0,31,0,0,0,0,4,0,0,2,0,4,0,1,19,0
"P_m1_d_b4__2022-12-22",65,0,4,0,0,0,0,761,67,4,0,11,0,0,3,0,0,0,0,173,0,0,0,0,0,0,231,0,0,0,0,0,0,0,0,508,0,45,0,0,0,0,0,4,0,0,1,577,0,0,0,0,3,6,0,0,0,0,0,0,0,0,0,0,0,3,0,0,0,0,134,0,0,0,0,0,0,1,3,0,0,0,0,0,19,0,0,0,6,0,23,3,0,0,0,0,0,0,3,0,49,0,0,1,0,0,0,0,54,0,1,0,0,0,0,0,0,0,0,23,0,0,23,12,0,0,0,0,4,0,57,0,0,34,0,0,0,0,0,0,96,0,0,0,61,0,0,0,0,0,1,0,2,20,2,0,0,0,0,0,0,0,827,14,0,0,0,32,0,0,0,0,0,0,1,9,0,110,0,3,1,0,2,0,0,0,19,0,21,0,0,0,0,0,0,24,327,0,20,176,0,0,5,791,0,0,2,0,0,3,0,0,0,6,0,0,0,0,0,0,0,25,0,0,0,0,4,0,54,0,0,0,0,3,0,0,1,0,6,0,1,18,0
"P_m1_d_b5__2022-12-22",81,0,2,0,0,0,0,841,95,4,0,17,0,0,4,0,0,0,0,203,0,0,2,0,0,0,436,0,0,0,0,0,2,0,0,406,0,65,0,0,0,0,0,4,0,0,3,395,0,0,0,0,19,2,0,0,0,0,0,0,0,0,0,0,0,1,0,0,0,0,73,0,0,0,0,0,0,0,3,0,0,0,0,0,19,0,0,0,7,0,18,17,0,0,0,0,0,0,1,0,35,0,0,0,0,0,0,0,53,0,1,0,0,0,0,0,0,0,0,14,0,0,43,8,0,0,0,4,4,0,52,0,0,20,0,0,0,0,0,0,52,0,0,0,73,0,0,0,0,0,0,1,0,22,3,0,0,0,0,0,0,0,944,9,0,0,0,17,0,0,0,0,0,0,0,25,0,115,0,3,0,0,2,0,0,0,31,0,13,0,0,0,0,0,0,47,288,0,24,122,0,0,0,750,0,0,4,0,0,0,0,0,0,9,0,0,0,0,0,0,0,26,0,0,0,0,7,0,37,0,0,0,0,7,0,0,0,0,0,0,0,18,0
"P_m1_d1_a__2022-12-22",72,0,3,0,0,0,0,723,104,4,0,16,0,0,5,0,0,0,0,210,0,0,9,0,0,0,839,0,0,0,0,0,0,0,0,536,0,63,0,0,0,0,0,0,0,0,0,417,0,0,0,0,8,1,0,0,0,0,0,0,0,0,0,0,0,5,0,0,0,0,96,0,0,0,0,0,0,3,0,0,0,0,0,0,4,0,0,0,0,0,42,20,0,0,0,0,0,0,2,0,0,0,0,1,0,0,0,0,31,0,0,0,0,0,0,0,0,0,0,5,0,0,12,1,0,0,0,5,1,0,41,0,0,17,0,0,0,0,0,0,30,0,0,0,114,0,0,0,0,0,6,0,0,20,5,0,0,0,0,0,0,0,537,11,0,0,0,9,0,0,0,0,0,0,0,6,0,64,0,0,0,0,0,0,0,0,15,0,5,0,0,0,0,0,0,230,274,0,16,216,0,0,0,592,0,0,2,0,0,0,0,0,0,5,0,0,0,0,0,0,0,40,0,0,0,0,4,0,74,0,0,0,0,17,0,0,3,0,5,0,0,7,0
"P_m1_d2_a__2022-12-22",78,0,3,0,0,0,0,367,114,2,0,12,0,0,1,0,0,0,0,277,0,0,1,0,0,0,808,0,0,0,0,0,0,0,0,327,0,73,0,0,0,0,0,1,0,0,0,224,0,0,0,0,18,0,0,0,0,0,0,0,0,0,0,0,0,4,0,0,0,0,131,0,0,0,0,0,0,0,0,0,0,0,0,0,45,0,0,0,0,0,32,12,0,0,0,0,0,0,5,0,33,0,0,0,0,0,0,0,44,0,0,0,0,0,0,0,0,0,0,9,0,0,15,0,0,0,0,4,4,0,66,0,0,25,0,0,0,0,0,0,61,0,0,0,81,0,0,0,0,0,6,0,0,16,8,0,0,0,0,0,0,0,443,6,0,0,0,8,0,0,0,0,0,0,0,18,0,79,0,0,0,0,0,0,0,0,23,0,13,2,0,0,0,0,0,852,323,0,17,194,0,0,0,574,0,0,0,0,0,0,0,0,0,11,0,0,0,0,0,0,0,25,0,0,0,0,0,0,83,0,0,0,0,6,0,2,0,0,5,0,0,12,0
"P_m1_d3_a__2022-12-22",113,0,0,0,0,0,0,846,149,5,0,13,0,0,2,0,0,0,0,290,0,0,3,0,0,0,839,0,0,0,0,0,0,0,0,321,0,75,0,0,0,0,0,0,0,0,1,169,0,0,0,0,35,0,0,0,0,0,0,0,0,0,0,0,0,6,0,0,0,0,115,0,0,0,0,0,0,0,0,0,0,0,0,0,47,0,0,0,0,0,8,18,0,0,0,0,0,0,6,0,11,0,0,0,0,0,0,0,31,0,0,0,0,0,0,0,0,1,0,11,0,0,11,0,0,0,0,0,2,0,73,0,0,40,0,0,0,0,0,0,50,0,0,0,91,0,0,0,0,0,5,0,0,17,7,0,0,0,0,0,0,0,461,2,0,0,0,49,0,0,0,0,0,0,0,9,0,95,0,0,0,0,0,0,0,0,26,0,13,0,0,0,0,6,0,40,320,0,14,89,0,0,0,925,0,0,0,0,2,0,0,0,0,8,0,0,0,0,2,0,0,38,0,0,0,0,7,0,67,0,0,0,0,5,0,0,1,0,1,0,1,11,0
"P_m1_r_b1__2022-12-22",34,0,54,0,2,0,0,0,0,18,0,24,0,0,77,0,0,0,0,123,0,0,3,0,0,0,537,0,0,0,0,0,0,0,0,622,0,98,0,0,0,0,0,0,0,0,1,1243,0,0,0,0,0,2,0,0,0,0,0,0,0,0,0,0,0,64,0,0,0,0,1,0,0,0,0,0,0,3,11,0,0,0,23,0,40,0,0,0,3,0,34,46,0,0,0,0,0,0,2,0,293,1,0,2,0,0,0,0,57,365,3,0,0,0,0,0,0,64,0,0,0,0,47,0,0,70,0,2,5,0,94,0,67,173,0,0,0,64,1,0,0,0,0,0,0,0,0,0,0,0,0,1,2,66,6,0,0,0,0,0,0,0,841,73,0,6,0,0,0,0,0,0,0,0,0,0,0,0,0,0,0,0,0,0,0,0,0,0,0,0,0,0,0,0,0,0,0,0,0,0,0,0,0,1,0,0,0,0,0,1,0,0,1,21,0,0,0,0,5,0,0,100,0,0,0,0,12,0,77,0,0,5,0,0,0,3,7,0,0,2,0,0,0
"P_m1_r_b2__2022-12-22",43,0,29,0,1,0,0,0,0,22,0,52,0,0,51,0,0,0,0,146,0,0,3,0,0,0,769,0,0,0,0,0,0,0,0,566,0,91,0,0,0,0,0,0,0,0,2,713,0,0,0,0,0,1,0,0,0,0,0,0,0,0,0,0,0,63,0,0,0,0,27,0,0,0,0,0,0,0,13,0,0,0,13,11,20,0,0,0,4,0,23,56,0,0,0,0,0,0,5,0,89,0,0,0,0,0,0,0,53,790,0,0,0,0,0,0,0,15,0,0,0,0,58,0,0,34,0,0,3,0,90,0,55,146,0,0,3,125,0,0,0,0,0,0,0,0,0,0,0,0,0,1,7,59,2,0,0,0,0,0,0,0,1107,48,0,0,0,0,0,0,0,0,0,0,0,0,0,0,0,0,4,0,0,0,0,0,0,0,0,0,0,0,0,0,0,0,0,0,0,0,0,0,0,0,0,0,0,0,0,4,0,0,6,18,0,0,0,0,0,0,0,79,0,0,0,0,14,0,56,0,0,2,0,0,0,4,2,0,0,5,0,0,0
"P_m1_r_b3__2022-12-22",44,0,34,0,1,0,0,0,0,22,0,46,0,0,81,0,0,0,0,115,0,0,3,0,0,0,519,0,0,0,0,0,0,0,0,623,0,82,0,0,0,0,0,0,0,0,4,1158,0,0,0,0,0,4,0,0,0,0,0,0,0,0,0,0,0,85,0,0,0,0,32,0,0,0,0,0,0,2,5,0,0,0,12,0,35,0,0,0,7,0,29,49,0,0,0,0,0,0,4,0,261,0,0,0,0,0,0,0,42,616,0,0,0,0,0,0,0,21,0,0,0,0,52,0,0,84,0,0,7,0,100,0,50,145,0,0,0,37,0,0,0,0,0,0,0,0,0,0,0,0,0,4,4,50,2,0,0,0,0,0,0,0,861,50,0,0,0,0,0,0,0,0,0,0,0,0,0,0,0,0,2,0,0,0,0,0,0,0,0,0,0,0,0,0,0,0,0,0,0,0,0,0,0,0,0,0,0,0,0,3,0,0,2,18,0,0,0,0,0,0,0,90,0,0,0,0,7,2,80,0,0,3,0,0,0,4,4,0,0,6,0,0,0
"P_m1_r_b4__2022-12-22",31,0,39,0,6,0,0,0,0,18,0,20,0,0,61,0,0,0,0,141,0,0,4,0,0,0,719,0,0,0,0,0,1,0,0,594,0,79,0,0,0,0,0,0,0,0,3,629,0,0,0,0,0,2,0,0,0,0,0,0,0,0,0,0,0,57,0,0,0,0,6,0,0,0,0,0,0,0,9,0,0,0,14,0,24,0,0,0,2,0,52,53,0,0,0,0,0,0,6,0,144,0,0,0,0,0,0,0,53,896,0,0,0,0,0,0,0,38,0,0,0,0,66,0,0,84,2,4,5,0,113,0,49,170,0,0,0,72,0,0,0,0,0,0,0,0,0,0,0,0,0,1,4,44,5,0,0,0,0,0,0,0,1017,49,0,0,0,0,0,0,0,0,0,0,0,0,0,0,0,0,3,0,0,0,0,0,0,0,0,0,0,0,0,0,0,0,0,0,0,0,0,0,0,0,0,1,0,0,0,0,0,0,0,22,0,0,0,0,1,0,0,79,0,0,0,0,6,0,93,0,0,5,0,0,0,1,4,0,0,2,0,0,0
"P_m1_r_b5__2022-12-22",35,0,32,0,1,0,0,0,0,15,0,34,0,0,60,0,0,0,0,154,0,0,3,0,0,0,464,0,0,0,0,0,0,0,0,629,0,94,0,0,0,0,0,0,0,0,3,1270,0,0,0,0,0,1,0,0,0,0,0,0,0,0,0,0,0,56,0,0,0,0,40,0,0,0,0,0,0,0,4,0,0,0,9,20,28,0,0,0,4,0,35,39,0,0,0,0,0,0,0,0,244,0,0,0,0,0,0,0,33,435,0,0,0,0,0,0,0,25,0,0,0,0,48,0,0,62,0,1,5,0,71,0,57,138,0,0,0,33,0,0,0,0,0,0,0,0,0,0,0,0,0,1,4,58,1,0,0,0,0,0,0,0,1030,68,0,1,0,0,0,0,0,0,0,0,0,0,0,0,0,0,3,0,0,0,0,0,0,0,0,0,0,0,0,0,0,0,0,0,0,0,0,0,0,0,0,0,0,0,0,3,0,0,0,18,0,0,0,0,3,0,0,104,0,0,0,0,14,0,79,0,0,24,0,0,0,2,4,0,0,4,0,0,0
"P_m1_r1_a1__2022-12-22",34,0,29,0,0,0,0,0,0,27,0,52,0,0,46,0,0,0,0,221,0,0,5,0,0,0,595,0,0,0,0,0,0,0,0,944,0,100,0,0,0,0,0,0,0,0,1,1348,0,0,0,0,0,6,0,0,0,0,0,0,0,0,0,0,0,44,0,0,0,0,28,0,0,0,0,0,0,0,0,0,0,0,1,2,93,0,0,0,0,0,25,25,0,0,0,0,0,0,6,0,167,0,0,0,0,0,0,0,22,175,0,0,0,0,0,0,0,8,0,0,0,0,62,0,0,88,0,0,7,0,67,0,50,191,0,0,0,22,0,0,0,0,0,0,0,0,0,0,0,0,0,0,1,42,7,0,0,0,0,0,0,0,746,94,0,0,0,0,0,0,0,0,0,0,0,0,0,0,0,0,2,0,0,0,0,0,0,0,0,0,0,0,0,0,0,0,0,0,0,0,0,0,0,0,0,0,0,0,0,0,0,0,0,9,0,0,0,0,0,0,0,74,0,0,0,0,4,0,92,0,0,29,0,0,0,1,10,0,0,1,0,0,0
"P_m1_r1_a2__2022-12-22",142,0,46,0,2,0,0,0,0,24,0,71,0,0,23,0,0,0,0,253,0,0,4,0,0,0,817,0,0,0,0,0,0,0,0,702,0,139,0,0,0,0,3,0,0,0,9,762,0,0,0,0,0,3,0,0,0,0,0,0,0,0,0,0,0,84,0,0,0,0,39,0,0,0,0,0,0,1,0,0,0,0,19,0,59,0,0,0,2,0,43,24,0,0,0,0,0,0,0,0,115,0,0,0,0,0,0,0,66,137,1,0,0,0,0,0,0,12,0,0,0,0,43,0,0,72,4,4,9,0,113,0,33,300,0,0,0,298,0,0,0,0,0,0,0,0,0,0,0,0,0,3,3,27,3,0,0,0,0,0,0,0,803,57,0,0,0,0,0,0,0,0,0,0,0,0,0,0,0,0,8,0,0,0,0,0,0,0,0,0,0,0,0,0,0,0,0,0,0,0,0,0,0,0,0,0,0,0,0,0,0,0,2,14,0,0,0,0,4,0,0,97,0,0,0,0,14,0,76,0,0,5,0,0,0,0,1,0,0,8,0,0,0
"P_m1_r2_a1__2022-12-22",31,0,34,0,0,0,0,0,0,28,0,48,0,0,41,0,0,0,0,207,0,0,8,0,0,0,450,0,0,0,0,0,0,0,0,1004,0,190,0,0,0,0,0,0,0,0,7,1209,0,0,0,0,0,3,0,0,0,0,0,0,0,0,0,0,0,60,0,0,0,0,0,0,0,0,0,0,0,0,1,0,0,0,32,0,40,0,0,0,4,0,36,16,0,0,0,0,0,0,5,0,100,0,0,1,0,0,0,0,43,61,3,0,0,0,0,0,0,43,0,0,0,0,58,0,0,90,4,3,5,0,172,0,44,314,0,0,0,52,0,0,0,0,0,0,0,0,0,0,0,0,0,0,6,56,6,0,0,0,0,0,0,0,565,182,0,2,0,0,0,0,0,0,0,0,0,0,0,0,0,0,5,0,0,0,0,0,0,0,0,0,0,0,0,0,0,0,0,0,0,0,0,0,0,0,0,0,0,0,0,1,0,0,2,22,0,0,0,0,3,0,0,154,0,0,0,0,9,0,119,0,0,7,0,0,0,3,11,0,0,3,0,0,0
"P_m1_r2_a2__2022-12-22",67,0,26,0,1,0,0,0,0,18,0,77,0,0,43,0,0,0,0,251,0,0,4,0,0,0,908,0,0,0,0,0,1,0,0,701,0,123,0,0,0,0,6,0,0,0,5,717,0,0,0,0,0,2,0,0,0,0,0,0,0,0,0,0,0,59,0,0,0,0,149,0,0,0,0,0,0,1,1,0,0,0,3,0,65,0,0,0,0,0,38,43,0,0,0,0,0,0,2,0,6,2,0,0,0,0,0,0,65,157,0,0,0,0,0,0,0,50,0,0,0,0,43,0,0,69,0,5,4,0,79,0,36,242,0,0,0,113,0,0,0,0,0,0,0,0,0,0,0,0,0,3,0,17,9,0,0,0,0,0,0,0,1127,36,0,0,0,0,0,0,0,0,0,0,0,0,0,0,0,0,8,0,0,0,0,0,0,0,0,0,0,0,0,0,0,0,0,0,0,0,0,0,0,0,0,0,0,0,0,0,0,0,2,16,0,0,0,0,4,0,0,126,0,0,0,0,12,0,45,0,0,0,0,0,0,1,8,0,0,7,0,0,0
"P_m1_r3_a1__2022-12-22",22,0,28,0,0,0,0,0,0,32,0,46,0,0,54,0,0,0,0,156,0,0,0,0,0,0,583,0,0,0,0,0,2,0,0,869,0,134,0,0,0,0,0,0,0,0,3,1396,0,0,0,0,0,5,0,0,0,0,0,0,0,0,0,0,0,36,0,0,0,0,1,0,0,0,0,0,0,0,0,0,0,0,19,0,35,0,0,0,0,0,32,8,0,0,0,0,0,0,3,0,184,0,0,0,0,0,0,0,62,225,0,0,0,0,0,0,0,46,0,0,0,0,51,0,0,63,0,6,4,0,100,0,32,210,0,0,0,32,0,0,0,0,0,0,0,0,0,0,0,0,0,0,3,47,9,0,0,0,0,0,0,0,639,85,0,0,0,0,0,0,0,0,0,0,0,0,0,0,0,0,3,0,0,0,0,0,0,0,0,0,0,0,0,0,0,0,0,0,0,0,0,0,0,0,0,0,0,0,0,7,0,0,0,19,0,0,0,0,5,0,0,178,0,0,0,0,15,0,90,0,0,13,0,0,0,0,8,0,0,3,0,0,0
"P_m1_r3_a2__2022-12-22",47,0,34,0,0,0,0,0,0,25,0,54,0,0,33,0,0,0,0,198,0,0,7,0,0,0,1229,0,0,0,0,0,2,0,0,689,0,159,0,0,0,0,0,0,0,0,4,531,0,0,0,0,0,4,0,0,0,0,0,0,0,0,0,0,0,51,0,0,0,0,9,0,0,0,0,0,0,3,3,0,0,0,18,0,67,0,0,0,0,0,29,32,0,0,0,0,0,0,0,0,93,4,0,0,0,0,0,0,76,337,0,0,0,0,0,0,0,20,0,0,0,0,64,0,0,63,5,4,2,0,135,0,27,262,0,0,0,181,0,0,0,0,0,0,0,0,0,0,0,0,0,1,2,37,6,0,0,0,0,0,0,0,728,46,0,0,0,0,0,0,0,0,0,0,0,0,0,0,0,0,2,0,0,0,0,0,0,0,0,0,0,0,0,0,0,0,0,0,0,0,0,0,0,0,0,0,0,0,0,0,0,0,5,21,0,0,0,0,6,0,0,118,0,0,0,0,0,0,110,0,0,1,0,0,0,7,8,0,0,4,0,0,0
"P_m3_d_b1__2022-12-22",67,0,2,0,0,0,0,713,145,6,0,26,0,0,3,0,0,0,0,260,0,0,5,0,0,0,163,0,0,0,0,0,4,0,0,438,0,29,0,0,0,0,0,0,0,0,1,888,0,0,0,0,3,4,0,0,0,0,0,0,0,0,0,0,0,5,0,0,0,0,169,0,0,0,0,0,0,2,1,0,0,0,1,0,2,0,0,0,3,0,13,54,0,0,0,0,0,0,2,0,22,0,0,3,0,0,0,0,45,0,0,0,0,0,0,0,0,0,0,6,0,0,114,0,0,0,1,1,0,0,38,0,0,22,0,0,0,8,0,0,7,0,0,0,4,0,0,0,0,0,0,0,0,3,2,0,0,0,0,0,0,0,945,33,0,0,0,214,0,0,0,0,0,0,0,16,0,85,0,0,2,0,0,0,0,0,13,0,0,0,0,0,0,3,0,203,250,0,11,25,0,0,1,281,0,0,0,0,1,0,0,0,0,11,0,0,0,0,0,0,0,40,0,0,0,0,1,0,122,0,0,0,0,24,0,1,0,0,15,1,7,13,0
"P_m3_d_b2__2022-12-22",27,0,4,0,0,0,0,584,127,9,0,28,0,0,27,0,0,0,0,297,0,0,1,0,0,0,132,0,0,0,0,0,2,0,0,342,0,51,0,0,0,0,0,0,0,0,3,776,0,0,0,0,22,4,0,0,0,0,0,0,0,0,0,0,0,13,0,0,0,0,52,0,0,0,0,0,0,0,2,0,0,0,0,0,16,0,0,0,2,0,30,49,0,0,0,0,0,0,4,0,44,0,0,0,0,0,0,0,28,0,0,0,0,0,0,0,0,0,0,14,0,0,41,52,0,2,0,0,3,0,87,0,0,7,0,0,0,0,0,0,53,0,0,0,68,0,0,0,0,0,4,2,0,20,3,0,0,0,0,0,0,0,814,15,0,0,0,167,0,0,0,0,0,0,0,19,0,117,0,0,1,0,0,0,0,0,18,0,1,0,0,0,0,0,0,428,263,0,26,118,0,0,0,435,0,0,1,0,0,0,0,0,0,8,0,0,0,0,0,0,0,43,0,0,0,0,4,0,57,0,0,0,0,8,0,2,0,0,2,0,0,24,0
"P_m3_d_b3__2022-12-22",45,0,1,0,0,0,0,414,83,8,0,19,0,0,7,0,0,0,0,217,0,0,0,0,0,0,145,0,0,0,0,0,2,0,0,292,0,38,0,0,0,0,0,4,0,0,5,892,0,0,0,0,57,5,0,0,0,0,0,0,0,0,0,0,0,2,0,0,0,0,75,0,0,0,0,0,0,2,0,0,0,0,0,0,23,0,0,0,3,0,30,31,0,0,0,0,0,0,3,0,35,0,0,0,0,0,0,0,32,0,0,0,0,0,0,0,0,1,0,32,1,0,66,15,0,5,0,0,2,0,95,0,0,8,0,0,0,0,0,0,121,0,0,0,50,0,0,0,0,0,2,1,0,16,7,0,0,0,0,0,0,0,799,15,0,0,0,185,0,0,0,0,0,0,0,32,0,94,0,1,0,0,2,0,0,0,23,0,0,3,0,0,0,0,0,488,256,0,36,133,0,0,0,505,0,0,3,0,0,0,0,0,0,10,0,0,0,0,0,0,0,26,0,0,0,0,10,0,57,0,0,0,0,2,0,0,0,0,5,0,2,24,0
"P_m3_d_b4__2022-12-22",62,0,1,0,0,0,0,740,151,9,0,12,0,0,2,0,0,0,0,275,0,0,0,0,0,0,46,0,0,0,0,0,0,0,0,359,0,18,0,0,0,0,0,4,0,0,6,396,0,0,0,0,6,5,0,0,0,0,0,0,0,0,0,0,0,6,0,0,0,0,60,0,0,0,0,0,0,1,5,0,0,0,0,0,12,0,0,0,5,0,34,31,0,0,0,0,0,0,8,0,49,0,0,4,0,0,0,0,70,0,0,0,0,0,0,0,0,0,0,26,0,0,74,4,0,5,4,0,1,0,82,0,0,16,0,0,0,0,0,0,17,0,0,0,102,0,0,0,0,0,3,3,0,24,1,0,0,0,0,0,0,0,1130,12,0,0,0,41,0,0,0,0,0,0,0,46,0,164,0,2,4,0,6,0,0,0,39,0,1,0,0,0,0,0,0,439,309,0,32,55,0,0,0,438,0,0,0,0,2,0,0,0,0,8,0,0,0,0,0,0,0,36,0,0,0,0,11,0,49,0,0,0,0,6,0,3,0,0,7,0,1,23,0
"P_m3_d_b5__2022-12-22",34,0,6,0,0,0,0,443,91,9,0,19,0,0,20,0,0,0,0,157,0,0,6,0,0,0,166,0,0,0,0,0,1,0,0,172,0,28,0,0,0,0,0,0,0,0,1,910,0,0,0,0,72,9,0,0,0,0,0,0,0,0,0,0,0,2,0,0,0,0,62,0,0,0,0,0,0,4,2,0,0,0,4,0,22,0,0,0,2,0,26,50,0,0,0,0,0,0,4,0,40,0,0,1,0,0,0,0,30,0,0,0,0,0,0,0,0,5,0,25,0,0,30,38,0,7,0,0,3,0,97,0,0,6,0,0,0,0,0,0,82,0,0,0,52,0,0,0,0,0,2,0,5,18,7,0,0,0,0,0,0,0,754,7,0,0,0,259,0,0,0,0,0,0,0,15,0,100,3,0,1,0,0,0,0,0,28,0,0,0,0,0,0,0,0,636,238,0,52,115,0,0,0,467,0,0,0,0,1,2,0,0,0,10,0,0,0,0,6,0,0,45,0,0,0,0,5,0,55,0,0,0,0,5,0,0,1,0,6,0,0,22,0
"P_m3_d1_a__2022-12-22",65,0,5,0,0,0,0,885,111,3,0,10,0,0,4,0,0,0,0,295,0,0,5,0,0,0,94,0,0,0,0,0,1,0,0,743,0,45,0,0,0,0,0,0,0,0,0,526,0,0,0,0,7,3,0,0,0,0,0,0,0,0,0,0,0,5,0,0,0,0,82,0,0,0,0,0,0,0,0,0,0,0,0,0,19,0,0,0,4,0,35,33,0,0,0,0,0,0,0,0,44,0,0,5,0,0,0,0,33,0,1,0,0,0,0,0,0,0,0,8,0,0,19,0,0,0,0,0,6,0,56,0,0,46,0,0,0,0,0,0,52,0,0,0,92,0,0,0,0,0,8,0,1,7,5,0,0,0,0,0,0,0,704,8,0,0,0,52,0,0,0,0,0,0,0,15,0,125,0,1,0,0,0,0,0,0,18,0,5,0,0,0,0,0,0,36,420,0,13,157,0,0,5,478,0,0,4,0,0,4,0,0,0,9,0,0,0,0,3,0,0,54,0,0,0,0,5,0,78,0,0,0,0,15,0,0,0,0,14,0,0,17,0
"P_m3_d2_a__2022-12-22",44,0,4,0,0,0,0,905,120,9,0,18,0,0,2,0,0,0,0,293,0,0,0,0,0,0,304,0,0,0,0,0,0,0,0,460,0,39,0,0,0,0,0,0,0,0,0,727,0,0,0,0,13,10,0,0,0,0,0,0,0,0,0,0,0,14,0,0,0,0,77,0,0,0,0,0,0,0,0,0,0,0,0,0,23,0,0,0,0,0,35,38,0,0,0,0,0,0,0,0,42,0,0,5,0,0,0,0,93,0,0,0,0,0,0,0,0,0,0,3,0,0,18,0,0,2,0,0,7,0,72,0,0,28,0,0,0,0,0,0,18,0,0,0,97,0,0,0,0,0,3,1,0,8,4,0,0,0,0,0,0,0,496,9,0,0,0,18,0,0,0,0,0,0,0,6,0,60,0,0,0,0,2,0,0,0,12,0,12,0,0,0,0,0,0,19,397,0,4,217,0,0,0,622,0,0,0,0,0,3,0,0,0,14,0,0,0,0,0,0,0,40,0,0,0,0,3,0,99,0,0,0,0,12,0,0,0,0,5,0,0,17,0
"P_m3_d3_a__2022-12-22",106,0,0,0,0,0,0,761,88,9,0,17,0,0,9,0,0,0,0,151,0,0,5,0,0,0,227,0,0,0,0,0,3,0,0,464,0,42,0,0,0,0,0,0,0,0,1,590,0,0,0,0,110,5,0,0,0,0,0,0,0,0,0,0,0,7,0,0,0,0,113,0,0,0,0,0,0,2,1,0,0,0,0,0,38,0,0,0,3,0,36,83,0,0,0,0,0,0,0,0,10,0,0,3,0,0,0,0,70,0,0,0,0,0,0,0,0,2,0,12,0,0,20,2,0,3,3,3,5,0,90,0,0,9,0,0,0,0,0,0,60,0,0,0,87,0,0,0,0,0,5,0,0,9,3,0,0,0,0,0,0,0,519,9,0,0,0,201,0,0,0,0,0,0,0,6,0,54,0,0,4,0,0,0,0,0,24,0,0,0,35,0,0,0,0,32,364,0,25,124,0,0,4,730,0,0,2,0,2,0,0,0,0,9,0,0,0,0,2,0,0,69,0,0,0,0,8,0,86,0,0,0,0,3,0,0,3,0,4,0,3,14,0
"P_m3_r_b1__2022-12-22",50,0,30,0,0,0,0,0,0,18,0,28,0,0,86,0,0,0,0,175,0,0,7,0,0,0,626,0,0,0,0,0,0,0,0,744,0,63,0,0,0,0,0,0,0,0,6,0,0,0,0,0,0,2,0,0,0,0,0,0,0,0,0,0,0,147,0,0,0,0,0,0,0,0,0,0,0,0,3,0,0,0,18,0,26,0,0,0,0,0,29,45,0,0,0,0,0,0,2,0,102,0,0,0,0,0,0,0,40,487,0,0,0,0,0,0,0,45,2,0,0,0,47,0,0,46,0,7,5,0,73,0,195,110,0,0,0,43,0,0,0,0,0,0,0,0,0,0,0,0,0,1,1,26,3,0,0,0,0,0,0,0,1322,43,0,4,0,0,0,0,0,0,0,0,0,582,0,0,0,0,0,0,0,0,0,0,0,0,0,0,0,0,0,0,0,0,0,0,0,0,0,0,0,0,0,0,5,0,0,3,0,0,0,7,0,0,0,0,0,0,0,95,0,0,0,0,7,0,102,0,0,77,0,2,0,3,4,0,4,1,4,0,0
"P_m3_r_b2__2022-12-22",82,0,31,0,0,0,0,0,0,17,0,29,0,0,54,0,0,0,0,224,0,0,3,0,0,0,541,0,0,0,0,0,0,0,0,919,0,91,0,0,0,0,0,0,0,0,3,0,0,0,0,0,0,5,0,0,0,0,0,0,0,0,0,0,0,185,0,0,0,0,0,0,0,0,0,0,0,2,13,0,0,0,7,0,23,0,0,0,0,0,30,36,0,0,0,0,0,0,2,0,66,0,0,0,0,0,0,0,53,563,2,0,0,0,0,0,0,7,0,0,0,0,86,0,0,46,2,10,3,0,105,0,94,136,0,0,0,26,0,0,0,0,0,0,0,0,0,0,0,0,0,2,2,43,3,0,0,0,0,0,0,0,936,46,0,0,0,0,0,0,0,0,0,0,0,771,0,0,0,0,0,0,0,0,0,0,0,0,0,0,0,0,0,0,0,0,0,0,0,0,0,0,0,0,0,0,3,0,0,0,0,0,0,6,0,0,0,0,0,0,0,126,0,0,0,0,11,0,113,0,0,18,0,5,0,2,5,0,11,0,4,0,0
"P_m3_r_b3__2022-12-22",74,0,37,0,1,0,0,0,0,17,0,22,0,0,66,0,0,0,0,190,0,0,2,0,0,0,184,0,0,0,0,0,0,0,0,987,0,67,0,0,0,0,0,0,0,0,6,0,0,0,0,0,0,0,0,0,0,0,0,0,0,0,0,0,0,168,0,0,0,0,0,0,0,0,0,0,0,0,14,0,6,0,11,0,27,0,0,0,0,0,25,17,0,0,0,0,0,0,0,0,132,0,0,0,0,0,0,0,44,745,0,0,0,0,0,0,0,0,0,0,0,0,40,0,0,39,5,3,4,0,103,0,80,132,0,0,0,15,0,0,0,0,0,0,0,0,0,0,0,0,0,2,0,58,4,0,0,0,0,0,0,0,1045,50,0,0,0,0,0,0,0,0,0,0,0,853,0,0,0,0,0,0,0,0,0,0,0,0,0,0,0,0,0,0,0,0,0,0,0,0,0,0,0,0,0,0,0,0,0,4,0,0,0,9,0,0,0,0,0,0,0,142,0,0,0,0,7,0,114,0,0,20,0,3,0,3,8,0,14,0,4,0,0
"P_m3_r_b4__2022-12-22",95,0,24,0,0,0,0,0,0,17,0,15,0,0,85,0,0,0,0,140,0,0,6,0,0,0,361,0,0,0,0,0,0,0,0,867,0,55,0,0,0,0,0,0,0,0,3,0,0,0,0,0,0,4,0,0,0,0,0,0,0,0,0,0,0,230,0,0,0,0,0,0,0,0,0,0,0,2,6,0,0,0,6,0,32,0,0,0,0,0,28,38,0,0,0,0,0,0,4,0,126,0,0,0,0,0,0,0,41,906,0,0,0,0,0,0,0,0,0,0,0,0,42,0,0,48,2,5,2,0,128,0,7,81,0,0,0,7,0,0,0,0,0,0,0,0,0,0,0,0,0,0,3,45,2,0,0,0,0,0,0,0,931,63,0,0,0,0,0,0,0,0,0,0,0,896,0,0,0,0,0,0,0,0,0,0,0,0,0,0,0,0,0,0,0,0,0,0,0,0,0,0,0,0,0,0,3,0,0,0,0,0,0,6,0,0,0,0,1,0,0,96,0,0,0,0,9,0,113,0,0,5,0,1,0,0,3,0,9,0,4,0,0
"P_m3_r_b5__2022-12-22",78,0,43,0,4,0,0,0,0,23,0,32,0,0,44,0,0,0,0,234,0,0,4,0,0,0,515,0,0,0,0,0,0,0,0,834,0,76,0,0,0,0,0,0,0,0,3,0,0,0,0,0,0,10,0,0,0,0,0,0,0,0,0,0,0,188,0,0,0,0,0,0,0,0,0,0,0,0,11,0,0,0,10,1,28,0,0,0,0,0,23,57,0,0,0,0,0,0,2,0,184,0,0,0,0,0,0,0,93,399,0,0,0,0,0,0,0,8,0,0,0,0,29,0,0,45,5,5,10,0,102,0,112,194,0,0,0,13,0,0,0,0,0,0,0,0,0,0,0,0,0,3,1,53,3,0,0,0,0,0,0,0,925,31,0,6,0,0,0,0,0,0,0,0,0,778,0,0,0,0,0,0,0,0,0,0,0,0,0,0,0,0,0,0,0,0,0,0,0,0,0,0,0,0,0,0,1,0,0,2,0,0,0,14,0,0,0,0,0,0,0,183,0,1,0,0,5,0,118,0,0,39,0,2,0,5,10,0,2,0,2,0,0
"P_m3_r1_a1__2022-12-22",50,0,9,0,2,0,0,0,0,27,0,34,0,0,63,0,0,0,0,180,0,0,4,0,0,0,118,0,0,0,0,0,1,0,0,1575,0,116,0,0,0,0,0,0,0,0,5,0,0,0,0,0,0,2,0,0,0,0,0,0,0,0,0,0,0,192,0,0,0,0,0,0,0,0,0,0,0,0,4,0,0,0,20,0,41,0,0,0,0,0,19,8,0,0,0,0,0,0,0,0,125,0,0,0,0,0,0,0,90,496,3,0,0,0,0,0,0,2,0,0,1,0,63,0,0,74,2,6,6,0,44,0,235,213,0,0,0,73,0,0,0,0,0,0,0,0,0,0,0,0,0,0,0,32,5,0,0,0,0,0,0,0,1053,72,0,3,0,1,0,0,0,0,0,0,0,0,0,0,0,0,0,0,0,0,0,0,0,0,0,0,0,0,0,0,0,0,0,0,0,0,0,0,0,0,0,0,1,0,0,0,0,0,0,17,0,0,0,0,4,0,0,177,0,11,0,0,15,0,190,0,0,87,0,0,0,5,11,0,0,5,11,0,0
"P_m3_r1_a2__2022-12-22",104,0,33,0,0,0,0,0,0,20,0,23,0,0,65,0,0,0,0,211,0,0,6,0,0,0,784,0,0,0,0,0,0,0,0,979,0,83,0,0,0,0,0,0,0,0,2,0,0,0,0,0,0,1,0,0,0,0,0,0,0,0,0,0,0,244,0,0,0,0,0,0,0,0,0,0,0,1,1,0,0,0,6,0,33,0,0,0,0,0,28,35,0,0,0,0,0,0,8,0,0,0,0,0,0,0,0,0,67,280,3,0,0,0,0,0,0,10,0,0,0,0,177,0,0,45,0,8,0,0,144,0,0,176,0,0,0,8,1,0,0,0,0,0,0,0,0,0,0,0,0,0,3,38,5,0,0,0,0,0,0,0,900,30,0,0,0,0,0,0,0,0,0,0,0,809,0,0,0,0,0,0,0,0,0,0,0,0,0,0,0,0,0,0,0,0,0,0,0,0,0,0,0,0,0,0,1,0,0,0,0,0,0,6,0,0,0,0,0,0,0,90,0,0,0,0,8,0,93,0,0,0,0,16,0,0,3,0,13,0,2,0,0
"P_m3_r2_a1__2022-12-22",55,0,21,0,4,0,0,0,0,36,0,49,0,0,45,0,0,0,0,359,0,0,4,0,0,0,372,0,0,0,0,0,0,0,0,1408,0,131,0,0,0,0,0,0,0,0,2,0,0,0,0,0,0,8,0,0,0,0,0,0,0,0,0,0,0,180,0,0,0,0,0,0,0,0,0,0,0,3,5,0,0,0,23,0,39,0,0,0,0,0,36,33,0,0,0,0,0,0,0,0,200,0,0,0,0,0,0,0,78,289,0,0,0,0,0,0,0,10,0,0,0,0,64,0,0,43,0,9,6,0,70,0,108,222,0,0,0,43,0,0,0,0,0,0,0,0,0,0,0,0,0,3,1,19,2,0,0,0,0,0,0,0,1050,64,0,2,0,0,0,0,0,0,0,0,0,0,0,0,0,0,0,0,0,0,0,0,0,0,0,0,0,0,0,0,0,0,0,0,0,0,0,0,0,0,0,0,1,0,0,2,0,0,0,23,0,0,0,0,3,0,0,197,0,0,0,0,15,0,215,0,0,36,0,0,0,3,6,0,0,0,6,0,0
"P_m3_r2_a2__2022-12-22",107,0,37,0,1,0,0,0,0,26,0,35,0,0,85,0,0,0,0,315,0,0,5,0,0,0,999,0,0,0,0,0,0,0,0,779,0,102,0,0,0,0,0,0,0,0,11,0,0,0,0,0,0,0,0,0,0,0,0,0,0,0,0,0,0,276,0,0,0,0,4,0,0,0,0,0,0,0,2,0,7,0,6,0,55,0,0,0,0,0,21,23,0,0,0,0,0,0,4,0,112,0,0,0,0,0,0,0,77,116,0,0,0,0,0,0,0,5,0,0,0,0,48,0,0,63,0,17,0,0,175,0,0,162,0,0,0,26,0,0,0,0,0,0,0,0,0,0,0,0,0,0,4,36,5,0,0,0,0,0,0,0,724,40,0,0,0,0,0,0,0,0,0,0,0,681,0,0,0,0,0,0,0,0,0,0,0,0,0,0,0,0,0,0,0,0,0,0,0,0,0,0,0,0,0,0,4,0,0,2,0,0,0,9,0,0,0,0,0,0,0,187,0,0,0,0,10,0,167,0,0,0,0,7,0,2,5,0,11,0,8,0,0
"P_m3_r3_a1__2022-12-22",84,0,48,0,5,0,0,0,0,18,0,36,0,0,55,0,0,0,0,258,0,0,3,0,0,0,419,0,0,0,0,0,0,0,0,1243,0,136,0,0,0,0,0,0,0,0,6,0,0,0,0,0,0,14,0,0,0,0,0,0,0,0,0,0,0,155,0,0,0,0,0,0,0,0,0,0,0,1,3,0,0,0,28,4,42,0,0,0,0,0,48,66,0,0,0,0,0,0,2,0,274,0,0,0,0,0,0,0,110,208,3,0,0,0,0,0,0,0,0,0,0,0,53,0,0,52,5,4,7,0,59,0,88,341,0,0,0,43,0,0,0,0,0,0,0,0,0,0,0,0,0,1,5,27,4,0,0,0,0,0,0,0,870,36,0,5,0,2,0,0,0,0,0,0,0,253,0,0,0,0,0,0,0,0,0,0,0,0,0,0,0,0,0,0,0,0,0,0,0,0,0,0,0,0,0,0,2,0,0,0,0,0,0,23,0,0,0,0,3,0,0,231,0,2,0,0,12,0,148,0,0,36,0,0,0,8,8,0,0,1,5,0,0
"P_m3_r3_a2__2022-12-22",193,0,31,0,4,0,0,0,0,16,0,28,0,0,77,0,0,0,0,287,0,0,6,0,0,0,682,0,0,0,0,0,0,0,0,811,0,82,0,0,0,0,0,0,0,0,6,0,0,0,0,0,0,6,0,0,0,0,1,0,0,0,0,0,0,272,0,0,0,0,0,0,0,0,0,0,0,2,2,0,0,0,7,0,42,0,0,0,0,0,28,41,0,0,0,0,0,0,4,0,14,0,0,4,0,0,0,0,97,325,0,0,0,0,0,0,0,0,1,0,0,0,96,0,0,77,0,6,1,0,165,0,0,171,0,0,0,7,0,0,0,0,0,0,0,0,0,0,0,0,0,1,8,55,5,0,0,0,0,0,0,0,795,20,0,0,0,0,0,0,0,0,0,0,0,820,0,0,0,0,0,0,0,0,0,0,0,0,0,0,0,0,0,0,0,0,0,0,0,0,0,0,0,0,0,0,3,0,0,0,0,0,0,11,0,0,0,0,0,0,0,137,0,0,0,0,7,0,109,0,0,0,0,7,0,0,0,0,25,0,8,0,0
"P_w1_d_b1__2022-12-22",95,0,8,0,0,0,0,690,129,4,0,15,0,0,10,0,0,0,0,262,0,0,5,0,0,0,557,0,0,0,0,0,0,0,0,412,0,73,0,0,0,0,0,3,0,0,1,398,0,0,0,0,41,3,0,0,0,0,0,0,0,0,0,0,0,2,0,0,0,0,72,0,0,0,0,0,0,0,4,0,0,0,0,0,17,0,0,0,0,0,31,22,0,0,0,0,0,0,1,0,52,0,0,0,0,0,0,0,30,0,0,0,0,0,0,0,0,0,0,26,0,0,33,5,0,0,4,1,0,0,59,0,0,21,0,0,0,0,0,0,62,0,0,0,62,0,0,0,0,0,0,0,2,30,1,0,0,0,0,0,0,0,798,11,0,0,0,23,0,0,0,0,0,0,0,15,0,110,0,0,6,0,0,0,0,0,21,0,6,0,0,4,0,0,0,395,193,10,31,114,0,0,0,484,0,0,1,0,2,5,0,0,0,8,0,0,0,0,0,0,0,35,0,0,0,0,2,0,55,0,0,0,0,5,0,3,0,0,3,0,2,18,0
"P_w1_d_b2__2022-12-22",93,0,8,0,0,0,0,653,150,4,0,23,0,0,9,0,0,0,0,228,0,0,2,0,0,0,592,0,0,0,0,0,1,0,0,366,0,48,0,0,0,0,0,3,0,0,2,279,0,0,0,0,9,5,0,0,0,0,1,0,0,0,0,0,0,5,0,0,0,0,45,0,0,0,0,0,0,6,3,0,0,0,0,0,7,0,0,0,0,0,38,25,0,0,0,0,0,0,0,0,50,0,0,7,0,0,0,0,25,0,0,0,0,0,0,0,0,0,0,16,0,0,26,0,0,0,0,0,0,0,44,0,0,9,0,0,0,0,0,0,26,0,0,0,49,0,0,0,0,0,0,2,2,22,3,0,0,0,0,0,0,0,760,10,0,0,0,3,0,0,0,0,0,0,0,29,0,166,0,1,3,0,0,0,0,0,19,0,0,0,0,5,0,6,0,842,122,0,38,137,0,0,0,474,0,0,4,0,2,5,0,0,0,2,0,0,0,0,0,0,0,13,0,0,0,0,2,0,32,0,0,0,0,7,0,0,0,0,8,0,0,27,0
"P_w1_d_b3__2022-12-22",72,0,5,0,0,0,0,464,83,4,0,21,0,0,8,0,0,0,0,297,0,0,4,0,0,0,776,0,0,0,0,0,2,0,0,362,0,54,0,0,0,0,0,0,0,0,2,243,0,0,0,0,7,4,0,0,0,0,0,0,0,0,0,0,0,5,0,0,0,0,95,0,0,0,0,0,0,2,0,0,0,0,3,0,27,0,0,0,0,0,45,13,0,0,0,0,0,0,7,0,32,0,0,0,0,0,0,0,73,0,0,0,0,0,0,0,0,0,0,9,0,0,53,0,0,0,0,0,0,0,66,0,0,16,0,0,0,0,0,0,65,0,0,0,53,0,0,0,0,0,2,0,0,18,0,0,0,0,0,0,0,0,684,4,0,0,0,0,0,0,0,0,0,0,0,43,0,101,0,2,3,0,0,0,0,0,20,0,0,0,0,4,0,0,0,726,287,0,32,135,0,0,0,466,0,0,2,0,0,3,0,0,0,7,0,0,0,0,0,0,0,25,0,0,0,0,3,0,50,0,0,0,0,2,0,0,0,0,6,0,0,6,0
"P_w1_d_b4__2022-12-22",46,0,8,0,2,0,0,346,133,1,0,19,0,0,27,0,0,0,0,221,0,0,2,0,0,0,742,0,0,0,0,0,2,0,0,359,0,50,0,0,0,0,0,2,0,0,1,305,0,0,0,0,5,7,0,0,0,0,0,0,0,0,0,0,0,4,0,0,0,0,75,0,0,0,0,0,0,0,5,0,0,0,4,0,26,0,0,0,2,0,38,26,0,0,0,0,0,0,2,0,19,0,0,2,0,0,0,0,45,0,0,0,0,0,0,0,0,1,1,37,0,0,50,0,0,0,0,1,3,0,45,0,0,17,0,0,2,0,2,0,97,0,0,0,43,0,0,0,0,0,1,2,1,23,2,0,0,0,0,0,0,0,965,14,0,0,0,5,0,0,0,0,0,0,0,46,0,104,0,2,4,0,1,0,0,0,31,0,1,1,0,0,0,0,2,549,188,0,41,128,0,0,3,509,0,0,3,0,0,3,0,0,0,4,0,0,0,0,0,0,0,34,0,0,0,0,1,0,79,0,0,0,0,5,0,0,4,0,5,0,4,13,0
"P_w1_d_b5__2022-12-22",65,0,5,0,0,0,0,459,78,7,0,17,0,0,10,0,0,0,0,276,0,0,0,0,0,0,606,0,0,0,0,0,3,0,0,292,0,57,0,0,0,0,0,0,0,0,0,304,0,0,0,0,13,0,0,0,0,0,0,0,0,0,0,0,0,9,0,0,0,0,61,0,0,0,0,0,0,0,3,0,3,0,3,0,39,0,0,0,0,0,33,20,0,0,0,0,0,0,1,0,27,0,0,0,0,0,0,0,48,0,0,0,0,0,0,0,0,0,0,27,0,0,36,0,0,0,0,0,0,0,55,0,0,21,0,0,0,0,0,0,90,0,0,0,53,0,0,0,0,0,6,5,0,28,1,0,0,0,0,0,0,0,917,3,0,0,0,6,0,0,0,0,0,0,0,47,0,140,0,0,3,0,0,0,0,0,33,0,2,0,0,2,0,0,0,656,248,0,36,152,0,0,0,501,0,0,1,0,0,1,0,0,0,10,0,0,0,0,0,0,0,23,0,0,0,0,0,0,47,0,0,0,0,2,0,0,0,0,5,0,0,7,0
"P_w1_d1_a__2022-12-22",89,0,11,0,0,0,0,478,127,2,0,34,0,0,3,0,0,0,0,349,0,0,1,0,0,0,870,0,0,0,0,0,2,0,0,487,0,63,0,0,0,0,0,0,0,0,1,265,0,0,0,0,15,0,0,0,0,0,0,0,0,0,0,0,0,5,0,0,0,0,59,0,0,0,0,0,0,2,0,0,0,0,0,0,16,0,0,0,0,0,60,24,0,0,0,0,0,0,0,0,24,0,0,4,0,0,0,0,9,0,0,0,0,0,0,0,0,0,0,4,0,0,10,0,0,1,0,5,0,0,35,0,0,16,0,5,0,0,0,0,28,0,0,0,120,0,0,0,0,0,7,0,0,11,2,0,0,0,0,0,0,0,506,6,0,0,0,13,0,0,0,0,0,0,0,13,0,73,0,0,2,0,0,0,0,0,8,0,3,0,76,15,0,15,0,786,92,0,33,129,0,0,0,434,0,0,3,0,0,4,0,0,0,8,0,0,0,0,0,0,0,41,0,0,0,0,0,0,61,0,0,0,0,18,0,0,0,0,6,0,2,12,0
"P_w1_d2_a__2022-12-22",82,0,5,0,0,0,0,369,36,6,0,33,0,0,2,0,0,0,0,385,0,0,0,0,0,0,1060,0,0,0,0,0,0,0,0,296,0,80,0,0,0,0,0,0,0,0,7,359,0,0,0,0,12,9,0,0,0,0,0,0,0,0,0,0,0,8,0,0,0,0,97,0,0,0,0,0,0,3,0,0,0,0,0,0,60,0,0,0,0,0,43,21,0,0,0,0,0,0,0,0,31,0,0,3,0,0,0,0,37,0,0,0,0,0,0,0,0,0,0,6,0,0,36,0,0,0,0,4,5,0,51,0,0,26,0,0,0,0,0,0,51,0,0,0,93,0,0,0,0,0,2,0,0,20,4,0,0,0,0,0,0,0,410,4,0,0,0,9,0,0,0,0,0,0,0,19,0,62,0,0,0,0,1,0,0,0,3,0,0,4,0,4,0,6,2,746,356,0,21,151,0,0,3,300,0,0,4,0,0,0,0,0,0,6,0,0,0,0,0,0,0,62,0,0,0,0,0,0,75,0,0,0,0,4,0,0,0,0,5,0,2,2,0
"P_w1_d3_a__2022-12-22",95,0,4,0,0,0,0,687,71,5,0,18,0,0,9,0,0,0,0,401,0,0,1,0,0,0,917,0,0,0,0,0,0,0,0,336,0,63,0,0,0,0,0,0,0,0,3,266,0,0,0,0,42,10,0,0,0,0,0,0,0,0,0,0,0,8,0,0,0,0,97,0,0,0,0,0,0,1,0,0,0,0,0,0,25,0,0,0,0,0,41,19,0,0,0,0,0,0,0,0,9,0,0,0,0,0,0,0,49,0,0,0,0,0,0,0,0,0,0,6,0,0,22,0,0,0,0,0,5,0,64,0,0,24,0,3,0,0,0,0,67,0,0,0,63,0,0,0,0,0,2,0,0,2,2,0,0,0,0,0,0,0,417,6,0,0,0,22,0,0,0,0,0,0,0,0,0,54,0,0,0,0,0,0,0,0,18,0,0,0,0,0,0,0,0,387,275,12,14,152,0,0,5,662,0,0,2,0,1,0,0,0,0,1,0,0,0,0,3,0,0,51,0,0,0,0,0,0,63,0,0,0,0,7,0,0,0,0,2,0,0,12,0
"P_w1_r_b1__2022-12-22",90,0,13,0,0,0,0,0,0,7,0,18,0,0,16,0,0,0,0,143,0,0,0,0,0,0,655,0,0,0,0,0,0,0,0,374,0,63,0,2,0,0,0,0,0,0,3,0,0,0,0,0,0,5,0,0,0,0,0,0,0,0,0,0,0,33,0,0,0,0,0,0,0,0,0,0,0,1,3,0,0,0,5,0,16,0,0,0,0,0,54,48,0,0,0,0,0,0,3,0,129,0,0,0,0,0,0,0,35,5,0,0,0,0,0,0,0,0,0,0,0,0,51,0,0,10,0,2,2,0,33,0,0,102,0,0,0,52,0,0,0,0,0,0,0,0,0,0,0,0,0,0,1,29,4,0,0,0,0,0,0,0,1059,22,0,0,0,96,0,0,0,0,0,0,0,316,0,0,0,0,0,0,0,0,0,0,0,0,0,0,0,0,0,0,0,0,0,0,0,233,0,0,0,1764,0,0,0,0,0,1,0,0,0,10,0,0,0,0,0,0,0,62,0,0,0,0,2,0,18,0,0,0,0,1,0,0,0,0,9,0,3,0,0
"P_w1_r_b2__2022-12-22",128,0,7,0,0,0,0,0,0,9,0,24,0,0,14,0,0,0,0,166,0,0,1,0,0,0,810,0,0,0,0,0,2,0,0,394,0,51,0,0,0,0,0,0,0,0,2,0,0,0,0,0,0,3,0,0,0,0,0,0,0,0,0,0,0,32,0,0,0,0,0,0,0,0,0,0,0,1,3,0,0,0,6,0,26,0,0,0,0,0,30,38,0,0,0,0,0,0,0,0,90,0,0,0,0,0,0,0,33,0,0,0,0,0,0,0,0,0,0,0,0,0,46,0,0,19,3,2,0,0,23,0,0,107,0,0,0,13,0,0,0,0,0,0,0,0,0,0,0,0,0,0,4,33,2,0,0,0,0,0,0,0,961,3,0,0,0,131,0,0,0,0,0,0,0,247,0,0,0,0,0,0,0,0,0,0,0,0,0,0,0,0,0,0,0,0,0,0,0,207,0,0,0,1819,0,0,0,0,0,3,0,0,0,2,0,0,0,0,0,0,0,60,0,0,0,0,3,0,37,0,0,0,0,5,0,0,0,0,3,0,0,0,0
"P_w1_r_b3__2022-12-22",121,0,13,0,0,0,0,0,0,7,0,18,0,0,19,0,0,0,0,159,0,0,4,0,0,0,637,0,0,0,0,0,0,0,0,430,0,78,0,0,0,0,0,0,0,0,4,0,0,0,0,0,0,2,0,0,0,0,0,0,0,0,0,0,0,47,0,0,0,0,0,0,0,0,0,0,0,0,1,0,0,0,1,0,18,0,0,0,0,0,50,34,0,0,0,0,0,0,0,0,161,0,0,0,0,0,0,0,34,0,0,0,0,0,0,0,0,0,0,0,0,0,41,0,0,21,0,0,3,0,42,0,0,97,0,0,0,7,0,0,0,0,0,0,0,0,0,0,0,0,0,0,0,23,5,0,0,0,0,0,0,0,887,20,0,0,0,124,0,0,0,0,0,0,0,252,0,0,0,0,0,0,0,0,0,0,0,0,0,0,0,0,0,0,0,0,0,0,0,260,0,0,0,1884,0,0,4,0,0,0,0,0,0,2,0,0,0,0,0,0,0,57,0,0,0,0,2,0,18,0,0,0,0,2,0,4,6,0,3,1,0,0,0
"P_w1_r_b4__2022-12-22",142,0,13,0,0,0,0,0,0,8,0,28,0,0,18,0,0,0,0,135,0,0,0,0,0,0,603,0,0,0,0,0,4,0,0,384,0,61,0,0,0,0,0,0,0,0,1,0,0,0,0,0,0,0,0,0,0,0,0,0,0,0,0,0,0,39,0,0,0,0,25,0,0,0,0,0,0,2,3,0,6,0,7,0,13,0,0,0,0,0,33,42,0,0,0,0,0,0,2,0,85,0,0,0,0,0,0,0,56,0,0,0,0,0,0,0,0,0,2,0,0,0,61,0,0,21,4,2,3,0,19,0,0,88,0,0,0,20,0,0,0,0,0,0,0,0,0,0,0,0,0,2,0,37,2,0,0,0,0,0,0,0,1087,11,0,0,0,101,0,0,0,0,0,0,0,252,0,0,0,0,1,0,0,0,0,0,0,0,0,0,0,0,0,0,0,0,0,0,0,254,0,0,0,1853,0,0,0,0,0,0,0,0,0,7,0,0,0,0,2,0,0,35,0,0,0,0,4,0,13,0,0,0,0,4,0,0,4,0,3,0,1,0,0
"P_w1_r_b5__2022-12-22",126,0,6,0,3,0,0,0,0,5,0,21,0,0,8,0,0,0,0,174,0,0,4,0,0,0,681,0,0,0,0,0,2,0,0,359,0,76,0,0,0,0,0,0,0,0,4,0,0,0,0,0,0,4,0,0,0,0,0,0,0,0,0,0,0,50,0,0,0,0,0,0,0,0,0,0,0,3,2,0,0,0,4,0,23,0,0,0,0,0,43,50,0,0,0,0,0,0,0,0,247,0,0,0,0,0,0,0,50,0,0,0,0,0,0,0,0,0,0,0,0,0,35,0,0,22,0,5,2,0,65,0,0,95,0,0,0,5,1,0,0,0,0,0,0,0,0,0,0,0,0,0,1,24,3,0,0,0,0,0,0,0,712,9,0,5,0,96,0,0,0,0,0,0,0,229,0,0,0,0,0,0,0,0,0,0,0,0,0,0,0,0,0,0,0,0,0,0,0,264,0,0,0,1981,0,0,2,0,0,0,0,0,0,3,0,0,0,0,0,0,0,44,0,0,0,0,3,0,40,0,0,0,0,1,0,3,0,0,8,0,0,0,0
"P_w1_r1_a1__2022-12-22",66,0,8,0,3,0,0,0,0,13,0,36,0,0,27,0,0,0,0,181,0,0,6,0,0,0,1073,0,0,0,0,0,0,0,0,464,0,68,0,0,0,0,0,0,0,0,0,0,0,0,0,0,0,11,0,0,0,0,0,0,0,0,0,0,0,53,0,0,0,0,0,0,0,0,0,0,0,0,1,0,0,0,6,0,19,0,0,0,0,0,62,35,0,0,0,0,0,0,0,0,144,0,0,0,0,0,0,0,43,0,0,0,0,0,0,0,0,0,0,0,0,0,44,0,0,17,0,4,4,0,76,0,0,106,0,0,0,35,0,0,0,0,0,0,0,0,0,0,0,0,0,0,1,26,6,0,0,0,0,0,0,0,631,8,0,0,0,91,0,0,0,0,0,0,0,120,0,0,0,0,0,0,0,0,0,0,0,0,0,0,0,0,0,0,0,0,0,0,0,237,0,0,0,1749,0,0,0,0,0,5,0,0,0,9,0,0,0,1,0,0,0,70,0,0,0,0,2,0,32,0,0,0,0,2,0,0,6,0,2,0,0,0,0
"P_w1_r1_a2__2022-12-22",123,0,9,0,0,0,0,0,0,14,0,36,0,0,5,0,0,0,0,158,0,0,0,0,0,0,985,0,0,0,0,0,3,0,0,524,0,84,0,0,0,0,0,0,0,0,1,0,0,0,0,0,0,5,0,0,0,0,0,0,0,0,0,0,0,56,0,0,0,0,37,0,0,0,0,0,0,3,0,0,0,0,9,0,16,0,0,0,0,0,41,13,0,0,0,0,0,0,0,0,48,1,0,0,0,0,0,0,57,0,0,0,0,0,0,0,0,0,0,0,0,0,28,0,0,16,0,0,0,0,29,0,0,128,0,0,0,11,0,0,0,0,0,0,0,0,0,0,0,0,0,0,0,17,2,0,0,0,0,0,0,0,560,33,0,0,0,63,0,0,0,0,0,0,0,113,0,0,0,0,0,0,0,0,0,0,0,0,0,0,0,0,0,0,0,0,0,0,0,329,0,0,0,1941,0,0,0,0,0,0,0,0,0,7,0,0,0,0,1,0,0,48,0,0,0,0,2,0,42,0,0,0,0,0,0,2,0,0,3,0,0,0,0
"P_w1_r2_a1__2022-12-22",74,0,9,0,0,0,0,0,0,16,0,37,0,0,11,0,0,0,0,253,0,0,5,0,0,0,874,0,0,0,0,0,3,0,0,390,0,91,0,0,0,0,0,0,0,0,4,0,0,0,0,0,0,8,0,0,0,0,0,0,0,0,0,0,0,91,0,0,0,0,0,0,0,0,0,0,0,0,0,0,0,0,0,0,37,0,0,0,0,0,41,32,0,0,0,0,3,0,1,0,152,2,0,0,0,0,0,0,59,0,0,0,0,0,0,0,0,0,0,0,0,0,25,0,0,15,0,6,8,0,81,0,0,108,0,0,0,48,0,0,0,0,0,0,0,0,0,0,0,0,0,0,0,27,3,0,0,0,0,0,0,0,651,12,0,0,0,114,0,0,0,0,0,0,0,160,0,0,0,0,0,0,0,0,0,0,0,0,0,0,0,0,0,0,0,0,0,0,0,148,0,0,0,1846,0,0,0,0,0,0,0,0,0,8,0,0,0,0,1,0,0,89,0,0,0,0,0,0,46,0,0,0,0,1,0,2,3,0,8,0,0,0,0
"P_w1_r2_a2__2022-12-22",157,0,16,0,0,0,0,0,0,8,0,25,0,0,5,0,0,0,0,178,0,0,2,0,0,0,775,0,0,0,0,0,0,0,0,309,0,76,0,0,0,0,0,0,0,0,6,0,0,0,0,0,0,5,0,0,0,0,0,0,0,0,0,0,0,54,0,0,0,0,60,0,0,0,0,0,0,0,0,0,0,0,11,0,27,0,0,0,0,0,38,39,0,0,0,0,0,0,1,0,98,0,0,4,0,0,0,0,66,0,0,0,0,0,0,0,0,0,0,0,0,0,50,0,0,16,0,5,4,0,82,0,0,115,0,0,0,43,0,0,0,0,0,0,0,0,0,0,0,0,0,0,0,31,3,0,0,0,0,0,0,0,642,7,0,5,0,58,0,0,0,0,0,0,0,143,0,0,0,0,1,0,0,0,0,0,0,0,0,0,0,0,0,0,0,0,0,0,0,267,0,0,0,2057,0,0,0,0,0,0,0,0,0,9,0,0,0,0,2,0,0,52,0,0,0,0,6,0,26,0,0,0,0,3,0,0,0,0,12,4,0,0,0
"P_w1_r3_a1__2022-12-22",59,0,17,0,0,0,0,0,0,14,0,31,0,0,10,0,0,0,0,191,0,0,7,0,0,0,796,0,0,0,0,0,0,0,0,601,0,109,0,0,0,0,0,0,0,0,2,0,0,0,0,0,0,7,0,0,0,0,0,0,0,0,0,0,0,51,0,0,0,0,0,0,0,0,0,0,0,0,0,0,0,0,0,0,24,0,0,0,0,0,37,25,0,0,0,0,0,0,0,0,135,0,0,0,0,0,0,0,38,0,0,0,0,0,0,0,0,0,0,0,0,0,25,0,0,14,2,5,0,0,72,0,0,140,0,0,0,0,0,0,0,0,0,0,0,0,0,0,0,0,0,0,5,23,1,0,0,0,0,0,0,0,504,33,0,0,0,99,0,0,0,0,0,0,0,159,0,0,0,0,0,0,0,0,0,0,0,0,0,0,0,0,0,0,0,0,0,0,0,135,0,0,0,2100,0,0,0,0,0,0,0,0,0,9,0,0,0,0,4,0,0,69,0,0,0,0,8,0,33,0,0,0,0,3,0,0,2,0,4,0,0,0,0
"P_w1_r3_a2__2022-12-22",196,0,16,0,1,0,0,0,0,5,0,32,0,0,14,0,0,0,0,260,0,0,2,0,0,0,783,0,0,0,0,0,6,0,0,538,0,72,0,0,0,0,0,0,0,0,0,0,0,0,0,0,0,4,0,0,0,0,0,0,0,0,0,0,0,46,0,0,0,0,15,0,0,0,0,0,0,0,0,0,0,0,3,0,25,0,0,0,2,0,21,34,0,0,0,0,0,0,1,0,111,0,0,3,0,0,0,0,58,0,0,0,0,0,0,0,0,0,0,0,0,0,31,0,0,12,0,5,4,0,24,0,0,144,0,0,0,25,0,0,0,0,0,0,0,0,0,0,0,0,0,1,0,20,3,0,0,0,0,0,0,0,490,15,0,0,0,75,0,0,0,0,0,0,0,124,0,0,0,0,0,0,0,0,0,0,0,0,0,0,0,0,0,0,0,0,0,0,0,317,0,0,0,1981,0,0,0,0,0,0,0,0,0,6,0,0,0,0,2,0,0,47,0,0,0,0,0,0,23,0,0,0,0,1,0,0,0,0,5,0,0,0,0
